ID_INTERVENCION_CLINICA;INTE_GLOSA;CODGRUPO;GRPDESCRIPCION;CODSUBGRUPO;SGRDESCRIPCION;INTE_CODIGO_FONASA;revisado;observaciones;incodificable
412003;DETERMINACION DE OTROS GRUPOS SANGU;34;OTROS EXAMENES Y PROCEDIMIENTOS;92;BANCO DE SANGRE;301033;;;
412039;GRUPO SANGUINEO Y RH;34;OTROS EXAMENES Y PROCEDIMIENTOS;92;BANCO DE SANGRE;301034;;;
412040;GRUPO SANGUINEO Y RH (RECIEN NACIDO);34;OTROS EXAMENES Y PROCEDIMIENTOS;92;BANCO DE SANGRE;301034;;;
412045;ASESORIA TECN.MEDICO TRASP/DE HIGAD;34;OTROS EXAMENES Y PROCEDIMIENTOS;92;BANCO DE SANGRE;0;;;
412071;R.P.R.;34;OTROS EXAMENES Y PROCEDIMIENTOS;92;BANCO DE SANGRE;306038;;;
412095;TEST DE COOMBS DIRECTO;34;OTROS EXAMENES Y PROCEDIMIENTOS;92;BANCO DE SANGRE;301014;;;
412142;TEST DE COOMBS INDIRECTO;34;OTROS EXAMENES Y PROCEDIMIENTOS;92;BANCO DE SANGRE;301015;;;
412165;PRUEBA DE COMPATIBILIDAD;34;OTROS EXAMENES Y PROCEDIMIENTOS;92;BANCO DE SANGRE;702005;;;
412189;ANTIGENO DE SUPERFICIE HEPATITIS B;34;OTROS EXAMENES Y PROCEDIMIENTOS;92;BANCO DE SANGRE;306077;;;
412191;ANTICUERPOS VIRUS HEPATITIS C;34;OTROS EXAMENES Y PROCEDIMIENTOS;92;BANCO DE SANGRE;306081;;;
412195;PROCESAMEINTO DE MEDULA OSEA;34;OTROS EXAMENES Y PROCEDIMIENTOS;92;BANCO DE SANGRE;0;;;
412196;OBTENCION DE SANGRE DE CORDON;34;OTROS EXAMENES Y PROCEDIMIENTOS;92;BANCO DE SANGRE;0;;;
412236;TITULACION ANTICUERPOS;34;OTROS EXAMENES Y PROCEDIMIENTOS;92;BANCO DE SANGRE;301051;;;
412330;SUB GRUPOS ABO Y RH C/U;34;OTROS EXAMENES Y PROCEDIMIENTOS;92;BANCO DE SANGRE;301075;;;
412377;IDENTIFICACION ANTICUERP.IRREGULARES;34;OTROS EXAMENES Y PROCEDIMIENTOS;92;BANCO DE SANGRE;301051;;;
412437;ATENCION PROFESIONAL PLAQUETOFERESI;34;OTROS EXAMENES Y PROCEDIMIENTOS;92;BANCO DE SANGRE;0;;;
412440;ATENCION PROFESIONAL HEMAFERESIS IN;34;OTROS EXAMENES Y PROCEDIMIENTOS;92;BANCO DE SANGRE;0;;;
412510;PLASMAFERESIS;34;OTROS EXAMENES Y PROCEDIMIENTOS;92;BANCO DE SANGRE;702014;;;
412512;AT.PROFES. RECOLECCION M/O PABELLO;34;OTROS EXAMENES Y PROCEDIMIENTOS;92;BANCO DE SANGRE;0;;;
412513;RECOLECCION DE CELULAS PROGENITORAS;34;OTROS EXAMENES Y PROCEDIMIENTOS;92;BANCO DE SANGRE;0;;;
412514;RECOLEC.CELULAS PROGENITORAS PERIFE;34;OTROS EXAMENES Y PROCEDIMIENTOS;92;BANCO DE SANGRE;0;;;
412515;LEUCOFERESIS TERAPEUTICA;34;OTROS EXAMENES Y PROCEDIMIENTOS;92;BANCO DE SANGRE;0;;;
412520;PLAQUETOFERESIS TERAPEUTICA;34;OTROS EXAMENES Y PROCEDIMIENTOS;92;BANCO DE SANGRE;0;;;
412555;ANTICUERPOS VIRALES, HIV;34;OTROS EXAMENES Y PROCEDIMIENTOS;92;BANCO DE SANGRE;306169;;;
412557;ANTICUERPOS HTLV I II;34;OTROS EXAMENES Y PROCEDIMIENTOS;92;BANCO DE SANGRE;306069;;;
412560;IRRADIACION DE HEMOCOMPONENTE;34;OTROS EXAMENES Y PROCEDIMIENTOS;92;BANCO DE SANGRE;0;;;
412562;IRRADIACION DE HEMOCOMPONENTE INHAB;34;OTROS EXAMENES Y PROCEDIMIENTOS;92;BANCO DE SANGRE;0;;;
412592;ANTICUERPOS CHAGAS;34;OTROS EXAMENES Y PROCEDIMIENTOS;92;BANCO DE SANGRE;306061;;;
412761;DETECCION ANTICUERPOS IRREGULARES;34;OTROS EXAMENES Y PROCEDIMIENTOS;92;BANCO DE SANGRE;301050;;;
412801;SANGRIA POR UNIDAD;34;OTROS EXAMENES Y PROCEDIMIENTOS;92;BANCO DE SANGRE;702012;;;
412807;EQUIPO DE TRANSFUSION;34;OTROS EXAMENES Y PROCEDIMIENTOS;92;BANCO DE SANGRE;0;;;
412814;FILTRO DE GLOBULOS ROJOS;34;OTROS EXAMENES Y PROCEDIMIENTOS;92;BANCO DE SANGRE;0;;;
412816;CONECTOR BOMBA INFUSION;34;OTROS EXAMENES Y PROCEDIMIENTOS;92;BANCO DE SANGRE;0;;;
412817;FILTRO DE GLOBULOS ROJOS R/NACIDO;34;OTROS EXAMENES Y PROCEDIMIENTOS;92;BANCO DE SANGRE;0;;;
412818;FILTRO DE PLAQUETAS;34;OTROS EXAMENES Y PROCEDIMIENTOS;92;BANCO DE SANGRE;0;;;
412856;EQUIPO DE FERESIS COBE;34;OTROS EXAMENES Y PROCEDIMIENTOS;92;BANCO DE SANGRE;0;;;
412857;ACD A;34;OTROS EXAMENES Y PROCEDIMIENTOS;92;BANCO DE SANGRE;0;;;
412874;PREPARACION PLAQUETAS AFERESIS;34;OTROS EXAMENES Y PROCEDIMIENTOS;92;BANCO DE SANGRE;702002;;;
412876;SET EXAMENES GLOBULOS ROJOS TRANSF;34;OTROS EXAMENES Y PROCEDIMIENTOS;92;BANCO DE SANGRE;702003;;;
412878;SET EXAM. PLASMA, PLAQUET, O CRIOPREC.;34;OTROS EXAMENES Y PROCEDIMIENTOS;92;BANCO DE SANGRE;702004;;;
412882;TRANSFUSION EN ADULTO;34;OTROS EXAMENES Y PROCEDIMIENTOS;92;BANCO DE SANGRE;702006;;;
412883;PREPARACION DE GLOBULOS ROJOS;34;OTROS EXAMENES Y PROCEDIMIENTOS;92;BANCO DE SANGRE;702001;;;
412884;TRANSFUSION EN NIÑO;34;OTROS EXAMENES Y PROCEDIMIENTOS;92;BANCO DE SANGRE;702007;;;
412886;TRANSFUSION PABELLON ADULTO/NIÑO;34;OTROS EXAMENES Y PROCEDIMIENTOS;92;BANCO DE SANGRE;702008;;;
412889;PREPARACION DE PLASMA;34;OTROS EXAMENES Y PROCEDIMIENTOS;92;BANCO DE SANGRE;702001;;;
412891;PREPARACION DE PLAQUETAS;34;OTROS EXAMENES Y PROCEDIMIENTOS;92;BANCO DE SANGRE;702001;;;
412892;AUTOTRANSFUSION POR PREDEPOSITO;34;OTROS EXAMENES Y PROCEDIMIENTOS;92;BANCO DE SANGRE;702011;;;
412893;PREPARACION DE CRIOPRECIPITADOS;34;OTROS EXAMENES Y PROCEDIMIENTOS;92;BANCO DE SANGRE;702001;;;
412895;CONCENTRADO DE GRANULOCITOS;34;OTROS EXAMENES Y PROCEDIMIENTOS;92;BANCO DE SANGRE;0;;;
412896;HEMAFERESIS MANUAL;34;OTROS EXAMENES Y PROCEDIMIENTOS;92;BANCO DE SANGRE;702013;;;
412897;TRANSFUSION AMBULATORIA;34;OTROS EXAMENES Y PROCEDIMIENTOS;92;BANCO DE SANGRE;702006;;;
412981;TRANSFER;34;OTROS EXAMENES Y PROCEDIMIENTOS;92;BANCO DE SANGRE;0;;;
412999;TRANSFUSIONES. REPOSICION PENDIENTE;34;OTROS EXAMENES Y PROCEDIMIENTOS;92;BANCO DE SANGRE;0;;;
720001;ESPERMIOGRAMA. ANALISIS DE SEMEN;34;OTROS EXAMENES Y PROCEDIMIENTOS;147;LABORATORIO;308029;;;
720005;SEPAR. ESPERMATICA (INSEMI O DIAG.);34;OTROS EXAMENES Y PROCEDIMIENTOS;147;LABORATORIO;0;;;
720006;CRIOPRESERVACION (S/MANTEN.DE MUEST;34;OTROS EXAMENES Y PROCEDIMIENTOS;147;LABORATORIO;0;;;
720017;CULDOCENTESIS C/ANEST.LOCAL C/NATUR;34;OTROS EXAMENES Y PROCEDIMIENTOS;147;LABORATORIO;0;;;
720018;LABORATORIO DE GAMENTOS DE CICLO NA;34;OTROS EXAMENES Y PROCEDIMIENTOS;147;LABORATORIO;0;;;
720020;SCREENING TEJIDO TESTICULAR ;34;OTROS EXAMENES Y PROCEDIMIENTOS;147;LABORATORIO;0;;;
720030;LABORATORIO GAMETOS IVF;34;OTROS EXAMENES Y PROCEDIMIENTOS;147;LABORATORIO;0;;;
720032;LABORATORIO GAMETOS ICSI;34;OTROS EXAMENES Y PROCEDIMIENTOS;147;LABORATORIO;0;;;
720034;LABORATORIO GAMETOS GIFT;34;OTROS EXAMENES Y PROCEDIMIENTOS;147;LABORATORIO;0;;;
720055;LABORATORIO RADIOINMUNOANALISIS;34;OTROS EXAMENES Y PROCEDIMIENTOS;147;LABORATORIO;0;;;
720057;MANTENCION CRIOPRESERVACION;34;OTROS EXAMENES Y PROCEDIMIENTOS;147;LABORATORIO;0;;;
720060;DETECCION DE LH EN ORINA;34;OTROS EXAMENES Y PROCEDIMIENTOS;147;LABORATORIO;0;;;
720066;CONGELACION OVOCITOS ;34;OTROS EXAMENES Y PROCEDIMIENTOS;147;LABORATORIO;0;;;
720068;MANTENCION OVOCITOS MENSUAL;34;OTROS EXAMENES Y PROCEDIMIENTOS;147;LABORATORIO;0;;;
720070;DESCONGELACION DE OVOCITOS;34;OTROS EXAMENES Y PROCEDIMIENTOS;147;LABORATORIO;0;;;
720076;DESCONGELACION SEMEN;34;OTROS EXAMENES Y PROCEDIMIENTOS;147;LABORATORIO;0;;;
740000;HEMOGLOBINA TOTAL;31;EXAMENES DE LABORATORIO;149;BIOQUIMICA;301038;;;
740005;HEMATOCRITO;31;EXAMENES DE LABORATORIO;149;BIOQUIMICA;301036;;;
740010;ELECTROLITOS SODIO;31;EXAMENES DE LABORATORIO;149;BIOQUIMICA;302032;;;
740015;ELECTROLITOS POTASIO;31;EXAMENES DE LABORATORIO;149;BIOQUIMICA;302032;;;
740040;TROPONINA T (TnT);31;EXAMENES DE LABORATORIO;149;BIOQUIMICA;0;;;
740045;CK-MB: CREATINQUINASA MB;31;EXAMENES DE LABORATORIO;149;BIOQUIMICA;302025;;;
740050;NITROGENO UREICO;31;EXAMENES DE LABORATORIO;149;BIOQUIMICA;302057;;;
740055;CLORO;31;EXAMENES DE LABORATORIO;149;BIOQUIMICA;302057;;;
750000;HEMOGLOBINA TOTAL;31;EXAMENES DE LABORATORIO;149;BIOQUIMICA;301038;;;
750005;HEMATOCRITO;31;EXAMENES DE LABORATORIO;149;BIOQUIMICA;301036;;;
750010;ELECTROLITOS SODIO;31;EXAMENES DE LABORATORIO;149;BIOQUIMICA;302032;;;
750015;ELECTROLITOS POTASIO;31;EXAMENES DE LABORATORIO;149;BIOQUIMICA;302032;;;
750020;GLUCOSA,SANGRE;31;EXAMENES DE LABORATORIO;149;BIOQUIMICA;302047;;;
750025;GASES: PH + PCO2 + PO2 + HCO3 + SAT;31;EXAMENES DE LABORATORIO;149;BIOQUIMICA;302046;;;
750030;CALCIO IONICO;31;EXAMENES DE LABORATORIO;149;BIOQUIMICA;302016;;;
750035;ACIDO LACTICO (INSTR);31;EXAMENES DE LABORATORIO;149;BIOQUIMICA;302004;;;
750040;TROPONINA T (TnT);31;EXAMENES DE LABORATORIO;149;BIOQUIMICA;0;;;
750045;CK-MB: CREATINQUINASA MB;31;EXAMENES DE LABORATORIO;149;BIOQUIMICA;302025;;;
750050;NITROGENO UREICO;31;EXAMENES DE LABORATORIO;149;BIOQUIMICA;302057;;;
750055;ELECTROLITOS CLORO;31;EXAMENES DE LABORATORIO;149;BIOQUIMICA;302032;;;
808950;CONSERVACIÓN DE MUESTRA;31;EXAMENES DE LABORATORIO;148;TOMAS DE MUESTRA;0;;;
808951;CORTROSYN,DOSIS ACTH;31;EXAMENES DE LABORATORIO;148;TOMAS DE MUESTRA;0;;;
808952;LEVODOPA, DOSIS;31;EXAMENES DE LABORATORIO;148;TOMAS DE MUESTRA;0;;;
808953;SYNACTEN (RETARD, DOSIS ACTH;31;EXAMENES DE LABORATORIO;148;TOMAS DE MUESTRA;0;;;
808954;CLOMIFENO PARA PRUEBA DE CLOMIFENO;31;EXAMENES DE LABORATORIO;148;TOMAS DE MUESTRA;0;;;
808955;DEXAMETASONA PARA FRENACION CORTISO;31;EXAMENES DE LABORATORIO;148;TOMAS DE MUESTRA;0;;;
808956;DOSIS DE GLUCOSA;31;EXAMENES DE LABORATORIO;148;TOMAS DE MUESTRA;0;;;
808957;D-XILOSA, CARGA PARA PRUEBA TOLERAN;31;EXAMENES DE LABORATORIO;148;TOMAS DE MUESTRA;0;;;
808958;LACTOSA, CARGA;31;EXAMENES DE LABORATORIO;148;TOMAS DE MUESTRA;0;;;
808959;EQUIPO PARA GASES ARTERIALES;31;EXAMENES DE LABORATORIO;148;TOMAS DE MUESTRA;0;;;
808960;MANEJO DE MUESTRA;31;EXAMENES DE LABORATORIO;148;TOMAS DE MUESTRA;0;;;
808961;EQUIPO DE SANGRIA IVY;31;EXAMENES DE LABORATORIO;148;TOMAS DE MUESTRA;0;;;
808962;MUESTRA PROSTATICA (MASAJE);31;EXAMENES DE LABORATORIO;148;TOMAS DE MUESTRA;0;;;
808965;MUESTRA VAGINAL, PAP,URETRAL;31;EXAMENES DE LABORATORIO;148;TOMAS DE MUESTRA;0;;;
808968;ORINA EN DOMICILIO (SONDA);31;EXAMENES DE LABORATORIO;148;TOMAS DE MUESTRA;0;;;
808970;PARASITOLOGICO SERIADO SET. T. MUES;31;EXAMENES DE LABORATORIO;148;TOMAS DE MUESTRA;0;;;
808971;ORINA EN LABORATORIO (SONDA);31;EXAMENES DE LABORATORIO;148;TOMAS DE MUESTRA;0;;;
808972;CLONIDINA, DOSIS;31;EXAMENES DE LABORATORIO;148;TOMAS DE MUESTRA;0;;;
808975;SACAROSA, CARGA;31;EXAMENES DE LABORATORIO;148;TOMAS DE MUESTRA;0;;;
808977;RECOLECTOR DE ORINA;31;EXAMENES DE LABORATORIO;148;TOMAS DE MUESTRA;0;;;
808978;RECOLECTOR DEPOSICION HEM.OCULTA;31;EXAMENES DE LABORATORIO;148;TOMAS DE MUESTRA;0;;;
808983;SANGRE ARTERIAL LABORATORIO, ADULTO;31;EXAMENES DE LABORATORIO;148;TOMAS DE MUESTRA;307009;;;
808984;SANGRE ARTERIAL LABORATORIO, NINOS;31;EXAMENES DE LABORATORIO;148;TOMAS DE MUESTRA;307010;;;
808985;TOMA DE MUESTRA HEMOCULTIVO;31;EXAMENES DE LABORATORIO;148;TOMAS DE MUESTRA;307013;;;
808986;TOMA DE MUESTRA DOMICILIO RADIO 1;31;EXAMENES DE LABORATORIO;148;TOMAS DE MUESTRA;0;;;
808989;SANGRE VENOSA, ADULTOS;31;EXAMENES DE LABORATORIO;148;TOMAS DE MUESTRA;307011;;;
808990;SANGRE VENOSA EN LABORATORIO, NINOS;31;EXAMENES DE LABORATORIO;148;TOMAS DE MUESTRA;307012;;;
808995;TOMA DE MUESTRA ACARO-TEST;31;EXAMENES DE LABORATORIO;148;TOMAS DE MUESTRA;0;;;
808997;TOMA DE MUESTRA SECRECION, SIMPLE;31;EXAMENES DE LABORATORIO;148;TOMAS DE MUESTRA;0;;;
808998;RELEFACT LH-RH PRUEBA DE LH Y FSH;31;EXAMENES DE LABORATORIO;148;TOMAS DE MUESTRA;0;;;
808999;THYREL PRH, DOSIS;31;EXAMENES DE LABORATORIO;148;TOMAS DE MUESTRA;0;;;
810378;ACETAMINOFEN: PARACETAMOL, NIVEL;31;EXAMENES DE LABORATORIO;149;BIOQUIMICA;302035;;;
810432;CUERPOS CETÓNICOS;31;EXAMENES DE LABORATORIO;149;BIOQUIMICA;309011;;;
810441;ACIDO DELTA AMINOLEVULÍNICO;31;EXAMENES DE LABORATORIO;149;BIOQUIMICA;309002;;;
810451;ACIDO FOLICO (FOLATO) SERICO;31;EXAMENES DE LABORATORIO;149;BIOQUIMICA;301002;;;
810453;ACIDO FOLICO ERITROCITARIO ;31;EXAMENES DE LABORATORIO;149;BIOQUIMICA;301002;;;
810459;ACIDO 5 HIDROXINDOLACETICO, CUANT.;31;EXAMENES DE LABORATORIO;149;BIOQUIMICA;309005;;;
810466;ACIDO LÁCTICO;31;EXAMENES DE LABORATORIO;149;BIOQUIMICA;302004;;;
810486;ACIDO ÚRICO, EN SANGRE;31;EXAMENES DE LABORATORIO;149;BIOQUIMICA;302005;;;
810500;ACIDO URICO ORINA;31;EXAMENES DE LABORATORIO;149;BIOQUIMICA;309004;;;
810513;ACIDO VALPROICO, NIVEL;31;EXAMENES DE LABORATORIO;149;BIOQUIMICA;302035;;;
810540;ACIDO VANILMANDELICO (AVM) ;31;EXAMENES DE LABORATORIO;149;BIOQUIMICA;303032;;;
810587;ADENOSINDEAMINASA;31;EXAMENES DE LABORATORIO;149;BIOQUIMICA;302050;;;
810591;ADENOCORTICOTROFINA (ACTH);31;EXAMENES DE LABORATORIO;149;BIOQUIMICA;303001;;;
810612;ALBUMINA;31;EXAMENES DE LABORATORIO;149;BIOQUIMICA;302059;;;
810617;ALCOHOL ETILICO (METANOL);31;EXAMENES DE LABORATORIO;149;BIOQUIMICA;0;;;
810630;ALDOSTERONA;31;EXAMENES DE LABORATORIO;149;BIOQUIMICA;303002;;;
810675;ALFA FETOPROTEÍNAS;31;EXAMENES DE LABORATORIO;149;BIOQUIMICA;305003;;;
810702;AMIKACINA, NIVEL;31;EXAMENES DE LABORATORIO;149;BIOQUIMICA;302035;;;
810729;AMILASA, EN SANGRE;31;EXAMENES DE LABORATORIO;149;BIOQUIMICA;302008;;;
810730;AMILASA PANCREATICA;31;EXAMENES DE LABORATORIO;149;BIOQUIMICA;302008;;;
810735;AMILASA CUANTITATIVA EN ORINA;31;EXAMENES DE LABORATORIO;149;BIOQUIMICA;309006;;;
810756;AMINOACIDOS CUALITATIVOS (INSTR) (C;31;EXAMENES DE LABORATORIO;149;BIOQUIMICA;302009;;;
810810;AMONIO;31;EXAMENES DE LABORATORIO;149;BIOQUIMICA;302010;;;
810815;ANFETAMINA, SCREENING;31;EXAMENES DE LABORATORIO;149;BIOQUIMICA;302035;;;
810821;ENZ. CONVERTIDORA DE ANGIOTENSINA I;31;EXAMENES DE LABORATORIO;149;BIOQUIMICA;302033;;;
810830;ANDROSTENEDIONA;31;EXAMENES DE LABORATORIO;149;BIOQUIMICA;303003;;;
810921;ANTIGENO CA 125;31;EXAMENES DE LABORATORIO;149;BIOQUIMICA;305070;;;
810923;ANTIGENO CA 15-3;31;EXAMENES DE LABORATORIO;149;BIOQUIMICA;305070;;;
810925;ANTIGENO CA 19-9;31;EXAMENES DE LABORATORIO;149;BIOQUIMICA;305170;;;
810945;ANTÍGENO CARCINOEMBRIONARIO (CEA);31;EXAMENES DE LABORATORIO;149;BIOQUIMICA;305009;;;
810948;ANTIGENO PROSTATICO ESPECIFICO INDI;31;EXAMENES DE LABORATORIO;149;BIOQUIMICA;305070;;;
810949;ANTÍGENO PROSTÁTICO ESPECÍFICO;31;EXAMENES DE LABORATORIO;149;BIOQUIMICA;305070;;;
810950;ANTÍGENO PROSTÁTICO ESPECÍFICO LIBRE;31;EXAMENES DE LABORATORIO;149;BIOQUIMICA;305070;;;
810979;APOLIPOPROTEINA A1;31;EXAMENES DE LABORATORIO;149;BIOQUIMICA;302070;;;
810984;APOLIPOPROTEINA B;31;EXAMENES DE LABORATORIO;149;BIOQUIMICA;302070;;;
811107;AZUCARES REDUCTORES;31;EXAMENES DE LABORATORIO;149;BIOQUIMICA;308001;;;
811186;BENZODIAZEPINAS, CUANTITATIVO;31;EXAMENES DE LABORATORIO;149;BIOQUIMICA;302035;;;
811187;BENZODIAZEPINAS, SCREENING;31;EXAMENES DE LABORATORIO;149;BIOQUIMICA;302035;;;
811215;BETA 2 MICROGLOBULINA;31;EXAMENES DE LABORATORIO;149;BIOQUIMICA;305010;;;
811242;BETA GONADOTROFINA CORIONICA (CUANT;31;EXAMENES DE LABORATORIO;149;BIOQUIMICA;303014;;;
811271;BICARBONATO (PROC.AUT.);31;EXAMENES DE LABORATORIO;149;BIOQUIMICA;302011;;;
811277;BILIRRUBINA CONJUGADA;31;EXAMENES DE LABORATORIO;149;BIOQUIMICA;302012;;;
811323;BILIRRUBINA TOTAL (PROC.AUT.);31;EXAMENES DE LABORATORIO;149;BIOQUIMICA;302012;;;
811350;BILIRRUBINA TOTAL Y CONJUGADA;31;EXAMENES DE LABORATORIO;149;BIOQUIMICA;302013;;;
811431;CALCIO EN SANGRE;31;EXAMENES DE LABORATORIO;149;BIOQUIMICA;302015;;;
811433;CALCIO IONICO;31;EXAMENES DE LABORATORIO;149;BIOQUIMICA;302016;;;
811435;CALCIO/CREATININA ORINA,RELACION;31;EXAMENES DE LABORATORIO;149;BIOQUIMICA;309010;;;
811450;CALCITONINA:CT;31;EXAMENES DE LABORATORIO;149;BIOQUIMICA;0;;;
811458;CALCIO CUANTITATIVO EN ORINA;31;EXAMENES DE LABORATORIO;149;BIOQUIMICA;309008;;;
811485;CALCULO URINARIO Y/O BILIAR;31;EXAMENES DE LABORATORIO;149;BIOQUIMICA;309009;;;
811593;CARBAMAZEPINA: TEGRETAL, NIVEL;31;EXAMENES DE LABORATORIO;149;BIOQUIMICA;302035;;;
811647;CAROTENO;31;EXAMENES DE LABORATORIO;149;BIOQUIMICA;302017;;;
811649;CAROTENO POST SOBRECARGA (INSTR);31;EXAMENES DE LABORATORIO;149;BIOQUIMICA;307012;;;
811657;CATECOLAMINAS LIBRES:ADRENALINA,NOR;31;EXAMENES DE LABORATORIO;149;BIOQUIMICA;303034;;;
811659;CATECOLAMINAS TOTALES,CUANTIFICACIO;31;EXAMENES DE LABORATORIO;149;BIOQUIMICA;303034;;;
811784;CICLOSPORINA;31;EXAMENES DE LABORATORIO;149;BIOQUIMICA;302035;;;
811867;ACIDO CÍTRICO;31;EXAMENES DE LABORATORIO;149;BIOQUIMICA;302002;;;
811868;CISTINA ;31;EXAMENES DE LABORATORIO;149;BIOQUIMICA;0;;;
811944;CREATINQUINASA CK MB MIOCÁRDICA;31;EXAMENES DE LABORATORIO;149;BIOQUIMICA;302025;;;
811971;CREATINQUINASA CK TOTAL;31;EXAMENES DE LABORATORIO;149;BIOQUIMICA;302026;;;
811977;CLOMIFENO, PRUEBA DE [INSTR];31;EXAMENES DE LABORATORIO;149;BIOQUIMICA;1001005;;;
811998;ELECTR. PLASMATICOS.: CLORO;31;EXAMENES DE LABORATORIO;149;BIOQUIMICA;302032;;;
812106;CO2 TOTAL;31;EXAMENES DE LABORATORIO;149;BIOQUIMICA;302046;;;
812150;COCAINA, SCREENING;31;EXAMENES DE LABORATORIO;149;BIOQUIMICA;0;;;
812160;COBRE;31;EXAMENES DE LABORATORIO;149;BIOQUIMICA;302020;;;
812214;COLESTEROL TOTAL (PROC.AUT.);31;EXAMENES DE LABORATORIO;149;BIOQUIMICA;302067;;;
812219;COLESTEROL LDL CUANTIFICACION DIREC;31;EXAMENES DE LABORATORIO;149;BIOQUIMICA;0;;;
812221;COLESTEROL HDL (PROC. AUT.);31;EXAMENES DE LABORATORIO;149;BIOQUIMICA;302068;;;
812268;COLINESTERASA;31;EXAMENES DE LABORATORIO;149;BIOQUIMICA;302021;;;
812535;CORTISOL;31;EXAMENES DE LABORATORIO;149;BIOQUIMICA;303006;;;
812538;CORTISOL, RITMO (INSTR);31;EXAMENES DE LABORATORIO;149;BIOQUIMICA;307011;;;
812539;CORTISOL LIBRE URINARIO;31;EXAMENES DE LABORATORIO;149;BIOQUIMICA;303035;;;
812540;CORTISOL, TEST DE NUGENT (POST DEXAMETASONA);31;EXAMENES DE LABORATORIO;149;BIOQUIMICA;1001005;;;
812541;CORTISOL, FRENACION, TEST DE CARROL;31;EXAMENES DE LABORATORIO;149;BIOQUIMICA;1001005;;;
812547;CORTISOL, TEST DE ESTIMULACION POST ACTH;31;EXAMENES DE LABORATORIO;149;BIOQUIMICA;1001005;;;
812565;CREATININA EN SANGRE;31;EXAMENES DE LABORATORIO;149;BIOQUIMICA;302023;;;
812606;CREATININA CUANTITATIVA EN ORINA;31;EXAMENES DE LABORATORIO;149;BIOQUIMICA;309010;;;
812795;CUERPOS CETÓNICOS (D-3 HIDROXIBUTIR);31;EXAMENES DE LABORATORIO;149;BIOQUIMICA;309011;;;
812970;DESHIDROGENASA LÁCTICA TOTAL (LDH);31;EXAMENES DE LABORATORIO;149;BIOQUIMICA;302030;;;
812997;DIGOXINA, NIVEL;31;EXAMENES DE LABORATORIO;149;BIOQUIMICA;302035;;;
813007;DEHIDROEPIANDROSTERONA SULF.:DHEA;31;EXAMENES DE LABORATORIO;149;BIOQUIMICA;303008;;;
813159;ELECTROLITOS SUDOR;31;EXAMENES DE LABORATORIO;149;BIOQUIMICA;307007;;;
813193;ERITROPOYETINA;31;EXAMENES DE LABORATORIO;149;BIOQUIMICA;303009;;;
813265;ESTRADIOL TOTAL (E2);31;EXAMENES DE LABORATORIO;149;BIOQUIMICA;303011;;;
813266;ESTRIOL LIBRE;31;EXAMENES DE LABORATORIO;149;BIOQUIMICA;303010;;;
813267;ESTRIOL: TOTAL (E3);31;EXAMENES DE LABORATORIO;149;BIOQUIMICA;303010;;;
813281;F.CR.INSULINOSIMIL,TRANSP.:IGFBP-3;31;EXAMENES DE LABORATORIO;149;BIOQUIMICA;303048;;;
813282;FACT.CREC.INSULINOSIMIL:IGF-1;31;EXAMENES DE LABORATORIO;149;BIOQUIMICA;303047;;;
813348;FACTOR REUMATOIDEO;31;EXAMENES DE LABORATORIO;149;BIOQUIMICA;305019;;;
813443;FENILALANINA;31;EXAMENES DE LABORATORIO;149;BIOQUIMICA;302036;;;
813456;FENITOINA, NIVEL;31;EXAMENES DE LABORATORIO;149;BIOQUIMICA;302035;;;
813483;FENOBARBITAL: LUMINAL, NIVEL;31;EXAMENES DE LABORATORIO;149;BIOQUIMICA;302035;;;
813510;FERRITINA;31;EXAMENES DE LABORATORIO;149;BIOQUIMICA;301026;;;
813564;FIERRO SÉRICO;31;EXAMENES DE LABORATORIO;149;BIOQUIMICA;301028;;;
813591;FIERRO Y CAPACIDAD DE FIJACION;31;EXAMENES DE LABORATORIO;149;BIOQUIMICA;301029;;;
813595;FK 506 : TACROLIMUS II;31;EXAMENES DE LABORATORIO;149;BIOQUIMICA;302035;;;
813598;FOSFATASAS ÁCIDAS TOTALES;31;EXAMENES DE LABORATORIO;149;BIOQUIMICA;302037;;;
813605;FOSFATASAS ACIDAS;31;EXAMENES DE LABORATORIO;149;BIOQUIMICA;302038;;;
813645;FOSFATASAS ALCALINAS TOTALES;31;EXAMENES DE LABORATORIO;149;BIOQUIMICA;302040;;;
813699;FÓSFORO (FOSFATOS) EN SANGRE;31;EXAMENES DE LABORATORIO;149;BIOQUIMICA;302042;;;
813700;FÓSFORO CUANTITATIVO EN ORINA;31;EXAMENES DE LABORATORIO;149;BIOQUIMICA;309015;;;
813726;GAMMA GLUTAMILTRANSPEPTIDASA (GGT);31;EXAMENES DE LABORATORIO;149;BIOQUIMICA;302045;;;
813780;GASES SANGE: PH+PCO2+PO2+HCO3+SAT;31;EXAMENES DE LABORATORIO;149;BIOQUIMICA;302046;;;
813807;GENTAMICINA NIVEL;31;EXAMENES DE LABORATORIO;149;BIOQUIMICA;302035;;;
813819;SHBG (SEX HORMONE BINDING GLOBULIN);31;EXAMENES DE LABORATORIO;149;BIOQUIMICA;303046;;;
813861;GLUCOSA EN SANGRE;31;EXAMENES DE LABORATORIO;149;BIOQUIMICA;302047;;;
813902;GLUCOSA (CUANTITATIVO), EN ORINA;31;EXAMENES DE LABORATORIO;149;BIOQUIMICA;309016;;;
813906;GLUCOSA POST 50g: EMB>24 SEMANAS;31;EXAMENES DE LABORATORIO;149;BIOQUIMICA;307011;;;
813910;GLUCOSA 75g CURVA EN EMBARAZADA(INS;31;EXAMENES DE LABORATORIO;149;BIOQUIMICA;302048;;;
813913;GLUCOSA POST PRANDIAL;31;EXAMENES DE LABORATORIO;149;BIOQUIMICA;307011;;;
813915;GLUCOSA: CURVA DE TOLERANCIA;31;EXAMENES DE LABORATORIO;149;BIOQUIMICA;302048;;;
813917;GLUCOSA 100g CURVA DE EMBARAZADA(IN;31;EXAMENES DE LABORATORIO;149;BIOQUIMICA;1001005;;;
813942;GLUTAMINA;31;EXAMENES DE LABORATORIO;149;BIOQUIMICA;308021;;;
814037;GnRH(LHRH) PRUEBA DE (4 MUESTRAS);31;EXAMENES DE LABORATORIO;149;BIOQUIMICA;303016;;;
814349;HEMOGLOBINA CARBOXI (COHb) (INSTR);31;EXAMENES DE LABORATORIO;149;BIOQUIMICA;0;;;
814351;HEMOGLOBINA DISOCIACION O2-Hb(P50)(;31;EXAMENES DE LABORATORIO;149;BIOQUIMICA;0;;;
814509;HEMOGLOBINA GLICOSILADA;31;EXAMENES DE LABORATORIO;149;BIOQUIMICA;301041;;;
814515;METAHEMOGLOBINA;31;EXAMENES DE LABORATORIO;149;BIOQUIMICA;301054;;;
814517;HEMOGLOBINA OXI;31;EXAMENES DE LABORATORIO;149;BIOQUIMICA;0;;;
814529;HEMOGLOBINA SULFO (SULFHb)(INSTR);31;EXAMENES DE LABORATORIO;149;BIOQUIMICA;0;;;
814644;HEMORRAGIAS OCULTAS 1 MUESTRA  ;31;EXAMENES DE LABORATORIO;149;BIOQUIMICA;308004;;;
814921;17 HIDROXICORTICOESTEROIDES;31;EXAMENES DE LABORATORIO;149;BIOQUIMICA;303044;;;
815001;HOMOCISTEINA (Hcy);31;EXAMENES DE LABORATORIO;149;BIOQUIMICA;0;;;
815104;HORMONA DE CRECIMIENTO (HGH)ESTIM.E;31;EXAMENES DE LABORATORIO;149;BIOQUIMICA;307012;;;
815105;HORMONA DE CRECIMIENTO(HGH)ESTIM.LE;31;EXAMENES DE LABORATORIO;149;BIOQUIMICA;1001005;;;
815106;HORMONA DE CRECIMIENTO(HGH)ESTIM.CL;31;EXAMENES DE LABORATORIO;149;BIOQUIMICA;1001005;;;
815107;HORM. DE CRECIMIENTO:HGH (SOMATOT;31;EXAMENES DE LABORATORIO;149;BIOQUIMICA;303007;;;
815108;HORMONA DE CRECIMIENTO(HGH)SUPRESIO;31;EXAMENES DE LABORATORIO;149;BIOQUIMICA;1001005;;;
815109;HORMONA FOLÍCULO ESTIMULANTE (FSH);31;EXAMENES DE LABORATORIO;149;BIOQUIMICA;303015;;;
815113;HORMONA LUTEINIZANTE (LH);31;EXAMENES DE LABORATORIO;149;BIOQUIMICA;303016;;;
815467;INSULINA;31;EXAMENES DE LABORATORIO;149;BIOQUIMICA;303017;;;
815474;INSULINA,CURVA DE,POST CARGA GLUCOS;31;EXAMENES DE LABORATORIO;149;BIOQUIMICA;303031;;;
815476;INSULINA,RESISTENCIA A (HOMA);31;EXAMENES DE LABORATORIO;149;BIOQUIMICA;303017;;;
815480;17 CETOESTEROIDES;31;EXAMENES DE LABORATORIO;149;BIOQUIMICA;303043;;;
815508;LACTOSA, CURVA DE TOLERANCIA ;31;EXAMENES DE LABORATORIO;149;BIOQUIMICA;302051;;;
815805;LIPASA;31;EXAMENES DE LABORATORIO;149;BIOQUIMICA;302053;;;
815861;LIQ.AMNIOTICO : PRUEBA A 650;31;EXAMENES DE LABORATORIO;149;BIOQUIMICA;0;;;
815865;TEST DE CLEMENTS (PROC. AUT.);31;EXAMENES DE LABORATORIO;149;BIOQUIMICA;308040;;;
815869;LIQ.AMNIOTICO:PRUEBA DE LILEY;31;EXAMENES DE LABORATORIO;149;BIOQUIMICA;308037;;;
815940;LITIO;31;EXAMENES DE LABORATORIO;149;BIOQUIMICA;302055;;;
816095;MARIHUANA, SCREENING;31;EXAMENES DE LABORATORIO;149;BIOQUIMICA;0;;;
816097;FENCICLIDINA;31;EXAMENES DE LABORATORIO;149;BIOQUIMICA;0;;;
816102;MAGNESIO;31;EXAMENES DE LABORATORIO;149;BIOQUIMICA;302056;;;
816130;CATECOLAMINAS (METANEFRINA);31;EXAMENES DE LABORATORIO;149;BIOQUIMICA;303034;;;
816131;METHOTREXATE;31;EXAMENES DE LABORATORIO;149;BIOQUIMICA;302035;;;
816133;MICROALBUMINURIA CUANTITATIVA;31;EXAMENES DE LABORATORIO;149;BIOQUIMICA;309013;;;
816200;NICOTINA, METABOLITOS ;31;EXAMENES DE LABORATORIO;149;BIOQUIMICA;0;;;
816231;MIOGLOBINA CUANTITATIVA;31;EXAMENES DE LABORATORIO;149;BIOQUIMICA;0;;;
816372;NITROGENO UREICO;31;EXAMENES DE LABORATORIO;149;BIOQUIMICA;302057;;;
816386;NITROGENO UREICO ORINA;31;EXAMENES DE LABORATORIO;149;BIOQUIMICA;309020;;;
816395;OPIACEOS, SCREENING;31;EXAMENES DE LABORATORIO;149;BIOQUIMICA;302035;;;
816426;OSMOLALIDAD;31;EXAMENES DE LABORATORIO;149;BIOQUIMICA;302058;;;
816430;OSMOLALIDAD EN ORINA;31;EXAMENES DE LABORATORIO;149;BIOQUIMICA;309025;;;
816440;OSTEOCALCINA;31;EXAMENES DE LABORATORIO;149;BIOQUIMICA;0;;;
816453;OXALATOS (INSTR) ORINA 24 HRS;31;EXAMENES DE LABORATORIO;149;BIOQUIMICA;0;;;
816480;OXIGENO PO2 Y SATURACION HB;31;EXAMENES DE LABORATORIO;149;BIOQUIMICA;302046;;;
816555;PARATHORMONA:PTH (INTACTA);31;EXAMENES DE LABORATORIO;149;BIOQUIMICA;303018;;;
816671;PEPTIDO C;31;EXAMENES DE LABORATORIO;149;BIOQUIMICA;0;;;
816679;PRO-BNP PROPEPTIDO NATRIURETICO ;31;EXAMENES DE LABORATORIO;149;BIOQUIMICA;0;;;
816680;PEPTIDO NATRIURETICO CEREBRAL:BNP;31;EXAMENES DE LABORATORIO;149;BIOQUIMICA;0;;;
816693;PH SANGRE;31;EXAMENES DE LABORATORIO;149;BIOQUIMICA;308017;;;
816696;PH EN DEPOSICIONES;31;EXAMENES DE LABORATORIO;149;BIOQUIMICA;308006;;;
816698;PH, (PROC. AUT.);31;EXAMENES DE LABORATORIO;149;BIOQUIMICA;308017;;;
816721;PIRUVATO (INSTR);31;EXAMENES DE LABORATORIO;149;BIOQUIMICA;0;;;
816771;PLOMO;31;EXAMENES DE LABORATORIO;149;BIOQUIMICA;0;;;
816801;PORFIRINAS, C/U;31;EXAMENES DE LABORATORIO;149;BIOQUIMICA;308007;;;
816804;PORFIRINAS: URO Y COPROPORFIRINAS;31;EXAMENES DE LABORATORIO;149;BIOQUIMICA;308007;;;
816831;PORFIRINAS, C/U (PORFOBILINÓGENO);31;EXAMENES DE LABORATORIO;149;BIOQUIMICA;309027;;;
816858;ELECTR. PLASMATICOS.: POTASIO;31;EXAMENES DE LABORATORIO;149;BIOQUIMICA;302032;;;
816912;PRIMIDONA NIVEL;31;EXAMENES DE LABORATORIO;149;BIOQUIMICA;302035;;;
816920;PROCALCITONINA (PCT);31;EXAMENES DE LABORATORIO;149;BIOQUIMICA;0;;;
816969;PROGESTERONA;31;EXAMENES DE LABORATORIO;149;BIOQUIMICA;303019;;;
816970;17 HIDROXIPROGESTERONA;31;EXAMENES DE LABORATORIO;149;BIOQUIMICA;303029;;;
816972;PROGESTERONA , 17 HIDROXI , TEST ES;31;EXAMENES DE LABORATORIO;149;BIOQUIMICA;1001005;;;
816973;17 HIDROXI PROGESTERONA MENORES DE 1 AÑO;31;EXAMENES DE LABORATORIO;148;TOMAS DE MUESTRA;303029;;;
816977;PROLACTINA,ESTIMULACION POST TRH;31;EXAMENES DE LABORATORIO;149;BIOQUIMICA;1001005;;;
816979;PROLACTINA (PRL);31;EXAMENES DE LABORATORIO;149;BIOQUIMICA;303020;;;
816990;PROTEINA C REACTIVA ULTRASENS.(hsCR;31;EXAMENES DE LABORATORIO;149;BIOQUIMICA;0;;;
816993;PROTEINA C REACTIVA CUANTITATIVA;31;EXAMENES DE LABORATORIO;149;BIOQUIMICA;305031;;;
817047;PROTEÍNA (CUANTITATIVA), EN ORINA;31;EXAMENES DE LABORATORIO;149;BIOQUIMICA;309028;;;
817128;PROTEINAS TOTAL;31;EXAMENES DE LABORATORIO;149;BIOQUIMICA;302059;;;
817130;PROTEINAS TOTALES FLUIDOS;31;EXAMENES DE LABORATORIO;149;BIOQUIMICA;308018;;;
817131;PROTOPORFIRINAS EN ERITROCITOS (IX);31;EXAMENES DE LABORATORIO;149;BIOQUIMICA;301058;;;
817211;PRUEBA DE LA SED (INSTR);31;EXAMENES DE LABORATORIO;149;BIOQUIMICA;307002;;;
817216;PRUEBA DEL AGUA, DILUCION (OSMOLALI;31;EXAMENES DE LABORATORIO;149;BIOQUIMICA;307006;;;
817219;PRUEBA DE CONCENTRACION OSMOLALIDAD;31;EXAMENES DE LABORATORIO;149;BIOQUIMICA;309026;;;
817236;QUIMICO/FISICO (PROT.Cl,GLUC.pH);31;EXAMENES DE LABORATORIO;149;BIOQUIMICA;308014;;;
817280;RENINA;31;EXAMENES DE LABORATORIO;149;BIOQUIMICA;303021;;;
817560;SALICILATOS: ASPIRINA O DISALCID NI;31;EXAMENES DE LABORATORIO;149;BIOQUIMICA;0;;;
817660;SCREENING GENO-METABOLICO NEONATAL JVX;31;EXAMENES DE LABORATORIO;149;BIOQUIMICA;0;;;
817709;SEROTONINA E HIDROXITRIPTOFANO(INST;31;EXAMENES DE LABORATORIO;149;BIOQUIMICA;0;;;
817776;ELECTR. PLASMATICOS.: SODIO;31;EXAMENES DE LABORATORIO;149;BIOQUIMICA;302032;;;
817911;TEOFILINA O AMINOFILINA, NIVEL;31;EXAMENES DE LABORATORIO;149;BIOQUIMICA;302035;;;
817917;TESTOSTERONA EN SANGRE;31;EXAMENES DE LABORATORIO;149;BIOQUIMICA;303022;;;
817918;TESTOSTERONA LIBRE EN SANGRE;31;EXAMENES DE LABORATORIO;149;BIOQUIMICA;303023;;;
817981;TIROGLOBULINA;31;EXAMENES DE LABORATORIO;149;BIOQUIMICA;303025;;;
817992;TIROXINA LIBRE (T4L);31;EXAMENES DE LABORATORIO;149;BIOQUIMICA;303026;;;
818021;TIROIDES: TSH NEONATAL;31;EXAMENES DE LABORATORIO;149;BIOQUIMICA;303024;;;
818031;TIROIDES T3 LIBRE;31;EXAMENES DE LABORATORIO;149;BIOQUIMICA;0;;;
818046;TRIYODOTIRONINA (T3);31;EXAMENES DE LABORATORIO;149;BIOQUIMICA;303028;;;
818073;TIROXINA O TETRAYODOTIRONINA (T4);31;EXAMENES DE LABORATORIO;149;BIOQUIMICA;303027;;;
818100;TIROIDES: TSH CUANTITATIVO;31;EXAMENES DE LABORATORIO;149;BIOQUIMICA;303024;;;
818131;TOXICOLOGICO SCREENING;31;EXAMENES DE LABORATORIO;149;BIOQUIMICA;0;;;
818234;SCREENING DE ESPECTROMETRIA DE MASAS;31;EXAMENES DE LABORATORIO;148;TOMAS DE MUESTRA;0;;;
818235;TRANSAMINASA GO/AST;31;EXAMENES DE LABORATORIO;149;BIOQUIMICA;302063;;;
818262;TRANSAMINASA GP/ALT;31;EXAMENES DE LABORATORIO;149;BIOQUIMICA;302063;;;
818290;TRANSFERRINA DEFICIENTE CARBOHIDRAT;31;EXAMENES DE LABORATORIO;149;BIOQUIMICA;0;;;
818297;TRH, PRUEB DE (INSTR) (3 MUESTRAS);31;EXAMENES DE LABORATORIO;149;BIOQUIMICA;1001005;;;
818301;TRICICLICOS,ANTIDEPRESIVOS,SCREENIN;31;EXAMENES DE LABORATORIO;149;BIOQUIMICA;302035;;;
818343;TRIGLICÉRIDOS (PROC.AUT.);31;EXAMENES DE LABORATORIO;149;BIOQUIMICA;302064;;;
818371;TROPONINA T (TnT);31;EXAMENES DE LABORATORIO;149;BIOQUIMICA;0;;;
818372;TROPININA I;31;EXAMENES DE LABORATORIO;149;BIOQUIMICA;0;;;
818424;UREA;31;EXAMENES DE LABORATORIO;149;BIOQUIMICA;302057;;;
818438;UREA OTROS;31;EXAMENES DE LABORATORIO;149;BIOQUIMICA;302057;;;
818459;VANCOMICINA, NIVEL;31;EXAMENES DE LABORATORIO;149;BIOQUIMICA;302035;;;
818513;VITAMINA B12: CIANOCOBALAMINA;31;EXAMENES DE LABORATORIO;149;BIOQUIMICA;302065;;;
818514;VITAMINA D:25 HIDROXICALCIFEROL(25-;31;EXAMENES DE LABORATORIO;149;BIOQUIMICA;302065;;;
818537;ZINC;31;EXAMENES DE LABORATORIO;149;BIOQUIMICA;0;;;
819023;ACIDO URICO CLEARENCE (INSTR);31;EXAMENES DE LABORATORIO;149;BIOQUIMICA;302005;;;
819029;AMILASA, CLEARENCE (INSTR);31;EXAMENES DE LABORATORIO;149;BIOQUIMICA;302008;;;
819110;PERFIL CK;31;EXAMENES DE LABORATORIO;149;BIOQUIMICA;302026;;;
819159;CREATININA,DEPURACION DE(CLEARENCE);31;EXAMENES DE LABORATORIO;149;BIOQUIMICA;302024;;;
819161;DROGAS DE ABUSO, SCREENING, CONJUNT;31;EXAMENES DE LABORATORIO;149;BIOQUIMICA;0;;;
819165;ELECTR. PLASMATICOS (3): NA + K + CL;31;EXAMENES DE LABORATORIO;149;BIOQUIMICA;302032;;;
819170;ELECTROLITOS OTROS (3): NA + K + CL;31;EXAMENES DE LABORATORIO;149;BIOQUIMICA;0;;;
819171;ELECTROLITOS SODIO EN ORINA ;31;EXAMENES DE LABORATORIO;149;BIOQUIMICA;309012;;;
819172;ELECTROLITOS POTASIO EN ORINA ;31;EXAMENES DE LABORATORIO;149;BIOQUIMICA;309012;;;
819173;ELCTROLITOS CLORO EN ORINA ;31;EXAMENES DE LABORATORIO;149;BIOQUIMICA;309012;;;
819174;ELECTROLITOS EN ORINA , NA+, K+ CL.;31;EXAMENES DE LABORATORIO;149;BIOQUIMICA;309012;;;
819220;HEMOGLOBINA Y DERIVADOS (COHb,METHb;31;EXAMENES DE LABORATORIO;149;BIOQUIMICA;0;;;
819235;INDICE ANDROGENICO;31;EXAMENES DE LABORATORIO;149;BIOQUIMICA;303046;;;
819244;LIQ.AMNIOTICO COMPLETO;31;EXAMENES DE LABORATORIO;149;BIOQUIMICA;308039;;;
819246;LIQ.AMNIOTICO:MADUREZ PULMONAR L/E;31;EXAMENES DE LABORATORIO;149;BIOQUIMICA;308040;;;
819308;PERFIL BIOLOGICO;31;EXAMENES DE LABORATORIO;149;BIOQUIMICA;0;;;
819319;PERFIL BIOQUIMICO;31;EXAMENES DE LABORATORIO;149;BIOQUIMICA;302075;;;
819330;PERFIL CARDIACO;31;EXAMENES DE LABORATORIO;149;BIOQUIMICA;0;;;
819359;PERFIL DE PORFIRIA;31;EXAMENES DE LABORATORIO;149;BIOQUIMICA;309002;;;
819360;PERFIL DIABETES MELLITUS;31;EXAMENES DE LABORATORIO;149;BIOQUIMICA;0;;;
819363;PERFIL HEPATICO;31;EXAMENES DE LABORATORIO;149;BIOQUIMICA;302076;;;
819385;PERFIL LIPIDICO;31;EXAMENES DE LABORATORIO;149;BIOQUIMICA;302034;;;
819387;PERFIL MARCIAL (PERFIL DE FIERRO).;31;EXAMENES DE LABORATORIO;149;BIOQUIMICA;301029;;;
819396;PERFIL METABOLICO DEL RN;31;EXAMENES DE LABORATORIO;149;BIOQUIMICA;303024;;;
819407;PERFIL PROSTATICO (CON PSA);31;EXAMENES DE LABORATORIO;149;BIOQUIMICA;305070;;;
819412;PERFIL TIROIDEO;31;EXAMENES DE LABORATORIO;149;BIOQUIMICA;0;;;
820869;ANTICOAGULANTE LUPICO ;31;EXAMENES DE LABORATORIO;150;HEMATOLOGIA Y COAGULACION;301007;;;
820974;ANTITROMBINA III;31;EXAMENES DE LABORATORIO;150;HEMATOLOGIA Y COAGULACION;301008;;;
820999;HEMOGLOBINA FETAL CUALITATIVA;31;EXAMENES DE LABORATORIO;150;HEMATOLOGIA Y COAGULACION;301039;;;
821080;AUTOHEMOLISIS CON Y SIN GLUCOSA;31;EXAMENES DE LABORATORIO;150;HEMATOLOGIA Y COAGULACION;301009;;;
821667;CEFALINA ACTIVADA, APTT, TTPK;31;EXAMENES DE LABORATORIO;150;HEMATOLOGIA Y COAGULACION;301085;;;
821674;CÉLULAS DEL LUPUS, CADA MUESTRA;31;EXAMENES DE LABORATORIO;150;HEMATOLOGIA Y COAGULACION;301010;;;
822619;CRIOAGLUTININAS;31;EXAMENES DE LABORATORIO;150;HEMATOLOGIA Y COAGULACION;305035;;;
823078;DREPANOCITOS, INVESTIGACIÓN DE;31;EXAMENES DE LABORATORIO;150;HEMATOLOGIA Y COAGULACION;301019;;;
823132;ELECTROLITOS INTRA ERITROCITARIOS;31;EXAMENES DE LABORATORIO;150;HEMATOLOGIA Y COAGULACION;0;;;
823213;EOSINOFILOS SANGRE;31;EXAMENES DE LABORATORIO;150;HEMATOLOGIA Y COAGULACION;308013;;;
823321;FACTOR IX;31;EXAMENES DE LABORATORIO;150;HEMATOLOGIA Y COAGULACION;301025;;;
823375;FACTOR V: LABIL;31;EXAMENES DE LABORATORIO;150;HEMATOLOGIA Y COAGULACION;301024;;;
823376;FACTOR VII ;31;EXAMENES DE LABORATORIO;150;HEMATOLOGIA Y COAGULACION;301025;;;
823377;FACTOR V LEIDEN MUTACION R506Q AMPL;31;EXAMENES DE LABORATORIO;202;BIOLOGÍA MOLECULAR;0;;;
823379;FACTOR XII , COAGULACION .;31;EXAMENES DE LABORATORIO;150;HEMATOLOGIA Y COAGULACION;301025;;;
823402;FACTOR VIII ANTIHEMOFILICO;31;EXAMENES DE LABORATORIO;150;HEMATOLOGIA Y COAGULACION;301025;;;
823427;FACTOR VON WILLEBRAND,ANTIG(FvW:Ag);31;EXAMENES DE LABORATORIO;150;HEMATOLOGIA Y COAGULACION;301089;;;
823428;COFACTOR DE RISTOCETINA (ACTIVIDAD);31;EXAMENES DE LABORATORIO;150;HEMATOLOGIA Y COAGULACION;301090;;;
823429;FACTOR VON WILLEBRAND COFAC.RISTOCE;31;EXAMENES DE LABORATORIO;150;HEMATOLOGIA Y COAGULACION;301090;;;
823430;FACTOR X ;31;EXAMENES DE LABORATORIO;150;HEMATOLOGIA Y COAGULACION;301025;;;
823431;FACTOR XI;31;EXAMENES DE LABORATORIO;150;HEMATOLOGIA Y COAGULACION;301025;;;
823537;FIBRINÓGENO;31;EXAMENES DE LABORATORIO;150;HEMATOLOGIA Y COAGULACION;301021;;;
823834;GLOBULOS ROJOS FETALES Y MATERNOS (;31;EXAMENES DE LABORATORIO;150;HEMATOLOGIA Y COAGULACION;0;;;
823847;RECUENTO DE ERITROCITOS,ABSOLUTO;31;EXAMENES DE LABORATORIO;150;HEMATOLOGIA Y COAGULACION;301064;;;
824104;ACIDIFICACION DEL SUERO,TEST DE HAM;31;EXAMENES DE LABORATORIO;150;HEMATOLOGIA Y COAGULACION;301001;;;
824158;HEINZ CORPUSCULOS;31;EXAMENES DE LABORATORIO;150;HEMATOLOGIA Y COAGULACION;301016;;;
824185;HEMATOCRITO (PROC. AUT.);31;EXAMENES DE LABORATORIO;150;HEMATOLOGIA Y COAGULACION;301036;;;
824212;HEMATOCRITO MICROMETODO;31;EXAMENES DE LABORATORIO;150;HEMATOLOGIA Y COAGULACION;301036;;;
824563;HEMOGLOBINA TOTAL EN SANGRE;31;EXAMENES DE LABORATORIO;150;HEMATOLOGIA Y COAGULACION;301038;;;
824590;HEMOGRAMA;31;EXAMENES DE LABORATORIO;150;HEMATOLOGIA Y COAGULACION;301045;;;
824617;HEMOPARASITOS;31;EXAMENES DE LABORATORIO;153;MICROBIOLOGIA;306054;;;
824671;HEMOSIDERINA MEDULAR;31;EXAMENES DE LABORATORIO;150;HEMATOLOGIA Y COAGULACION;301048;;;
824672;HEMOSIDERINA;31;EXAMENES DE LABORATORIO;150;HEMATOLOGIA Y COAGULACION;309035;;;
826241;MONONUCLEOSIS INFECCIOSA P.BUNNELL;31;EXAMENES DE LABORATORIO;150;HEMATOLOGIA Y COAGULACION;306036;;;
826750;RECUENTO DE PLAQUETAS (ABSOLUTO);31;EXAMENES DE LABORATORIO;150;HEMATOLOGIA Y COAGULACION;301067;;;
826939;PRODUCTOS DEGRADACION DE FIBRINA: X;31;EXAMENES DE LABORATORIO;150;HEMATOLOGIA Y COAGULACION;0;;;
826966;PRODUCTOS DEGRADACION FIBRINOGENO ;31;EXAMENES DE LABORATORIO;150;HEMATOLOGIA Y COAGULACION;301027;;;
826981;PROTEÍNA C;31;EXAMENES DE LABORATORIO;150;HEMATOLOGIA Y COAGULACION;301091;;;
826983;RESISTENCIA PROTEÍNA C;31;EXAMENES DE LABORATORIO;150;HEMATOLOGIA Y COAGULACION;301093;;;
826997;PROTEÍNA S;31;EXAMENES DE LABORATORIO;150;HEMATOLOGIA Y COAGULACION;301092;;;
827155;PROTROMBINA;31;EXAMENES DE LABORATORIO;150;HEMATOLOGIA Y COAGULACION;301059;;;
827182;PROTROMBINA CON TAC;31;EXAMENES DE LABORATORIO;150;HEMATOLOGIA Y COAGULACION;301059;;;
827186;PROTOMBINA,MUTACION GEN G20210A AMP;31;EXAMENES DE LABORATORIO;202;BIOLOGÍA MOLECULAR;0;;;
827223;PRUEBA DEL LAZO;31;EXAMENES DE LABORATORIO;150;HEMATOLOGIA Y COAGULACION;0;;;
827269;RECUENTOS GLOBULARES;31;EXAMENES DE LABORATORIO;150;HEMATOLOGIA Y COAGULACION;301065;;;
827317;RESISTENCIA GLOBULAR OSMÓTICA;31;EXAMENES DE LABORATORIO;150;HEMATOLOGIA Y COAGULACION;301070;;;
827344;RECUENTO DE RETICULOCITOS;31;EXAMENES DE LABORATORIO;150;HEMATOLOGIA Y COAGULACION;301068;;;
827641;SANGRIA TIEMPO DE: Ivy ;31;EXAMENES DE LABORATORIO;150;HEMATOLOGIA Y COAGULACION;301072;;;
827668;VEL.DE ERITROSEDIMENTACION VHS;31;EXAMENES DE LABORATORIO;150;HEMATOLOGIA Y COAGULACION;301086;;;
827749;SIA TEST;31;EXAMENES DE LABORATORIO;150;HEMATOLOGIA Y COAGULACION;0;;;
827884;SACAROSA, PRUEBA DE LA;31;EXAMENES DE LABORATORIO;150;HEMATOLOGIA Y COAGULACION;301071;;;
828505;VISCOSIDAD SERICA;31;EXAMENES DE LABORATORIO;150;HEMATOLOGIA Y COAGULACION;0;;;
829132;COAGULOGRAMA;31;EXAMENES DE LABORATORIO;150;HEMATOLOGIA Y COAGULACION;0;;;
829345;PERFIL DE HIPERCOAGULABILIDAD(TROMB;31;EXAMENES DE LABORATORIO;150;HEMATOLOGIA Y COAGULACION;0;;;
831728;CELULAS RECUENTO;31;EXAMENES DE LABORATORIO;151;CITOLOGIA;308010;;;
831863;CITOLOGICO EN FLUIDOS;31;EXAMENES DE LABORATORIO;151;CITOLOGIA;308009;;;
833186;EOSINÓFILOS, RECUENTO DE;31;EXAMENES DE LABORATORIO;151;CITOLOGIA;308013;;;
835562;LEUCOCITOS CONTENIDO GASTRICO;31;EXAMENES DE LABORATORIO;151;CITOLOGIA;308010;;;
835616;RECUENTO DE LEUCOCITOS,ABSOLUTO;31;EXAMENES DE LABORATORIO;151;CITOLOGIA;301065;;;
835630;LEUCOCITOS RECUENTO Y FORMULA;31;EXAMENES DE LABORATORIO;151;CITOLOGIA;301069;;;
835863;CÉLULAS ANARANJADAS (PROC. AUT.);31;EXAMENES DE LABORATORIO;151;CITOLOGIA;308033;;;
836534;PAPANICOLAOU;31;EXAMENES DE LABORATORIO;151;CITOLOGIA;801001;;;
836777;PNEUMOCYSTIS CARINII (TINCION TOLUI;31;EXAMENES DE LABORATORIO;151;CITOLOGIA;0;;;
837967;TINCIONES ESPECIALES;31;EXAMENES DE LABORATORIO;151;CITOLOGIA;0;;;
838373;TZANCK TEST (INSTR);31;EXAMENES DE LABORATORIO;151;CITOLOGIA;0;;;
839088;CITOQUIMICO, FLUIDOS;31;EXAMENES DE LABORATORIO;151;CITOLOGIA;308014;;;
840054;Ac ANTI Ag A DE S.SJOGREN: AASSA;31;EXAMENES DE LABORATORIO;152;INMUNOLOGIA/ELECTROFORESI;305004;;;
840081;Ac ANTI Ag B DE S.SJOGREN: AASSB;31;EXAMENES DE LABORATORIO;152;INMUNOLOGIA/ELECTROFORESI;305004;;;
840108;Ac ANTI Ag Sm: AASm;31;EXAMENES DE LABORATORIO;152;INMUNOLOGIA/ELECTROFORESI;305004;;;
840110;ANTICUERPO ANTI B2 GLICOPROTEINA 1;31;EXAMENES DE LABORATORIO;150;HEMATOLOGIA Y COAGULACION;0;;;
840111;Ac ANTICARDIOLIPINA (IgG e IgM);31;EXAMENES DE LABORATORIO;152;INMUNOLOGIA/ELECTROFORESI;305084;;;
840113;Ac ANTICARDIOLIPINA IgG;31;EXAMENES DE LABORATORIO;156;CITOGENETICA;305084;;;
840115;Ac ANTICARDIOLIPINA IgM;31;EXAMENES DE LABORATORIO;156;CITOGENETICA;305084;;;
840125;Ac ANTICITOPLASMA NEUTROFILOS (ANCA;31;EXAMENES DE LABORATORIO;152;INMUNOLOGIA/ELECTROFORESI;305007;;;
840135;Ac ANTI DNA NATIVO: AADNAN;31;EXAMENES DE LABORATORIO;152;INMUNOLOGIA/ELECTROFORESI;305005;;;
840139;Ac ANTI JO1;31;EXAMENES DE LABORATORIO;152;INMUNOLOGIA/ELECTROFORESI;305007;;;
840145;Ac ANTI SCL 70(ANTIESCLERODERMIA);31;EXAMENES DE LABORATORIO;152;INMUNOLOGIA/ELECTROFORESI;305007;;;
840163;Ac ANTI PNEUMOCOCCUS:POLISACARIDOS;31;EXAMENES DE LABORATORIO;152;INMUNOLOGIA/ELECTROFORESI;0;;;
840165;Ac ANTI RECEPTOR TSH (TRAB);31;EXAMENES DE LABORATORIO;152;INMUNOLOGIA/ELECTROFORESI;0;;;
840167;Ac ANTI TOXOIDE TETANICO (T.TOX.);31;EXAMENES DE LABORATORIO;152;INMUNOLOGIA/ELECTROFORESI;0;;;
840197;AC.ANTI-ISLOTES CELULAS PANCREATICA;31;EXAMENES DE LABORATORIO;152;INMUNOLOGIA/ELECTROFORESI;305007;;;
840216;Ac ANTIMITOCONDRIALES: AAM;31;EXAMENES DE LABORATORIO;152;INMUNOLOGIA/ELECTROFORESI;305005;;;
840243;Ac ANTIMUSCULO LISO: AAML;31;EXAMENES DE LABORATORIO;152;INMUNOLOGIA/ELECTROFORESI;305007;;;
840270;Ac ANTINUCLEARES: AAN;31;EXAMENES DE LABORATORIO;152;INMUNOLOGIA/ELECTROFORESI;305005;;;
840297;Ac ANTIRRIBONUCLEOPROTEINA: AARNP;31;EXAMENES DE LABORATORIO;152;INMUNOLOGIA/ELECTROFORESI;305004;;;
840324;Ac ANTITIROIDES ANTIMICROSOMALES: A;31;EXAMENES DE LABORATORIO;152;INMUNOLOGIA/ELECTROFORESI;305007;;;
840351;Ac ANTITIROIDES ANTITIROGLOBULINA:;31;EXAMENES DE LABORATORIO;152;INMUNOLOGIA/ELECTROFORESI;305007;;;
840352;Ac ENF. CELIACA ANTIENDOMISIO (EMA);31;EXAMENES DE LABORATORIO;152;INMUNOLOGIA/ELECTROFORESI;305007;;;
840353;Ac ENF. CELIACA ANTIGLIADINA (AGA);31;EXAMENES DE LABORATORIO;152;INMUNOLOGIA/ELECTROFORESI;305086;;;
840354;Ac.ENF.CELIACA ANTITRANSGLUTAMINASA;31;EXAMENES DE LABORATORIO;152;INMUNOLOGIA/ELECTROFORESI;305007;;;
840379;Ac ANTI T.TETANICO (T.TOX)/PNEUMOCO;31;EXAMENES DE LABORATORIO;152;INMUNOLOGIA/ELECTROFORESI;0;;;
840648;ALFA 1 ANTITRIPSINA CUANTITATIVA;31;EXAMENES DE LABORATORIO;152;INMUNOLOGIA/ELECTROFORESI;305001;;;
841420;CADENA LIVIANA LIBRES,K/L CUANTIFIC;31;EXAMENES DE LABORATORIO;149;BIOQUIMICA;0;;;
841660;CATECOLAMINAS: VER AVM (0540);31;EXAMENES DE LABORATORIO;152;INMUNOLOGIA/ELECTROFORESI;0;;;
841731;CERULOPLASMINA;31;EXAMENES DE LABORATORIO;152;INMUNOLOGIA/ELECTROFORESI;302019;;;
841917;CK-ISOENZIMAS;31;EXAMENES DE LABORATORIO;152;INMUNOLOGIA/ELECTROFORESI;0;;;
842241;COLESTEROL ELECTROFORESIS, HDL, LDL;31;EXAMENES DE LABORATORIO;152;INMUNOLOGIA/ELECTROFORESI;0;;;
842376;COMPLEMENTO C3;31;EXAMENES DE LABORATORIO;152;INMUNOLOGIA/ELECTROFORESI;305012;;;
842403;COMPLEMENTO C4;31;EXAMENES DE LABORATORIO;152;INMUNOLOGIA/ELECTROFORESI;305012;;;
842413;COMPLEMENTO:INHIBIDOR DE C1:Ag Y FU;31;EXAMENES DE LABORATORIO;152;INMUNOLOGIA/ELECTROFORESI;0;;;
842646;CRIOGLOBULINAS (INSTR);31;EXAMENES DE LABORATORIO;152;INMUNOLOGIA/ELECTROFORESI;305014;;;
842916;DESHIDROGENASA LACTICA C4 ESPERMATI;31;EXAMENES DE LABORATORIO;152;INMUNOLOGIA/ELECTROFORESI;0;;;
843432;FACTOR XII, COAGULACION;31;EXAMENES DE LABORATORIO;152;INMUNOLOGIA/ELECTROFORESI;301025;;;
843433;FAGOCITOSIS;31;EXAMENES DE LABORATORIO;152;INMUNOLOGIA/ELECTROFORESI;305038;;;
843618;FOSFATASA ALCALINA ISOENZIMAS;31;EXAMENES DE LABORATORIO;152;INMUNOLOGIA/ELECTROFORESI;302039;;;
843888;GLUCOSA 6 FOSFATO DESHIDROGENASA GR;31;EXAMENES DE LABORATORIO;152;INMUNOLOGIA/ELECTROFORESI;301017;;;
844057;HAEMOPHILUS INFLUENZAE TIPO b, Ac I;31;EXAMENES DE LABORATORIO;152;INMUNOLOGIA/ELECTROFORESI;0;;;
844131;HAPTOGLOBINA CUANTITATIVA;31;EXAMENES DE LABORATORIO;152;INMUNOLOGIA/ELECTROFORESI;301035;;;
844347;HEMOGLOBINA A2 CUANTITATIVA;31;EXAMENES DE LABORATORIO;152;INMUNOLOGIA/ELECTROFORESI;301037;;;
844374;HEMOGLOBINA, ELECTROFORESIS;31;EXAMENES DE LABORATORIO;152;INMUNOLOGIA/ELECTROFORESI;301044;;;
844377;HEMOGLOBINA, ELECTROFORESIS ENF.ISO;31;EXAMENES DE LABORATORIO;152;INMUNOLOGIA/ELECTROFORESI;0;;;
844455;HEMOGLOBINA FETAL CUANTITATIVA;31;EXAMENES DE LABORATORIO;152;INMUNOLOGIA/ELECTROFORESI;301040;;;
844949;TIPIFICACIÓN HLA B 27.;31;EXAMENES DE LABORATORIO;202;BIOLOGÍA MOLECULAR;305060;;;
845197;INDICE DE PRODUCCION DE IgG EN LCR;31;EXAMENES DE LABORATORIO;152;INMUNOLOGIA/ELECTROFORESI;0;;;
845207;INMUNIDAD CELULAR MULTITEST, CMI;31;EXAMENES DE LABORATORIO;152;INMUNOLOGIA/ELECTROFORESI;0;;;
845211;INMUNOELECTROFORESIS;31;EXAMENES DE LABORATORIO;152;INMUNOLOGIA/ELECTROFORESI;305022;;;
845238;INMUNOELECTROFORESIS SUERO;31;EXAMENES DE LABORATORIO;152;INMUNOLOGIA/ELECTROFORESI;305022;;;
845251;INMUNOFIJACION;31;EXAMENES DE LABORATORIO;152;INMUNOLOGIA/ELECTROFORESI;305025;;;
845256;IgE ESPECIFICA ATUN;31;EXAMENES DE LABORATORIO;152;INMUNOLOGIA/ELECTROFORESI;305029;;;
845259;IgE ESPECIFICA CARNE DE VACUNO;31;EXAMENES DE LABORATORIO;152;INMUNOLOGIA/ELECTROFORESI;305029;;;
845260;IgE ESPECIFICA CARNE DE POLLO;31;EXAMENES DE LABORATORIO;152;INMUNOLOGIA/ELECTROFORESI;305029;;;
845261;IgE ESPECIFICA CHOCOLATE;31;EXAMENES DE LABORATORIO;152;INMUNOLOGIA/ELECTROFORESI;305029;;;
845262;IgE ESPECIFICA CLARA DE HUEVO;31;EXAMENES DE LABORATORIO;152;INMUNOLOGIA/ELECTROFORESI;305029;;;
845263;IgE especifica caspa de cabello;31;EXAMENES DE LABORATORIO;152;INMUNOLOGIA/ELECTROFORESI;305029;;;
845264;IgE ESPECIFICA CASPA DE PERRO;31;EXAMENES DE LABORATORIO;152;INMUNOLOGIA/ELECTROFORESI;305029;;;
845266;IgE ESPECIFICA DERMATOPHAGOIDES PTE;31;EXAMENES DE LABORATORIO;152;INMUNOLOGIA/ELECTROFORESI;305029;;;
845267;IgE ESPECIFICA DERMATOPHAGOIDES FAR;31;EXAMENES DE LABORATORIO;152;INMUNOLOGIA/ELECTROFORESI;305029;;;
845268;IgE ESPECIFICA EPITELIO DE GATO;31;EXAMENES DE LABORATORIO;152;INMUNOLOGIA/ELECTROFORESI;305029;;;
845270;IgE ESPECIFICA JAIBA;31;EXAMENES DE LABORATORIO;152;INMUNOLOGIA/ELECTROFORESI;305029;;;
845271;IgE ESPECIFICA LATEX;31;EXAMENES DE LABORATORIO;152;INMUNOLOGIA/ELECTROFORESI;305029;;;
845272;IgE ESPECIFICA LECHE;31;EXAMENES DE LABORATORIO;152;INMUNOLOGIA/ELECTROFORESI;305029;;;
845274;IgE ESPECIFICA MANI;31;EXAMENES DE LABORATORIO;152;INMUNOLOGIA/ELECTROFORESI;305029;;;
845278;IgE ESPECIFICA PENICILLOYL G;31;EXAMENES DE LABORATORIO;152;INMUNOLOGIA/ELECTROFORESI;305029;;;
845279;IgE ESPECIFICA PENICILLOYL V;31;EXAMENES DE LABORATORIO;152;INMUNOLOGIA/ELECTROFORESI;305029;;;
845280;IgE ESPECIFICA PLATANO;31;EXAMENES DE LABORATORIO;152;INMUNOLOGIA/ELECTROFORESI;305029;;;
845282;IgE ESPECIFICA POROTO DE SOYA;31;EXAMENES DE LABORATORIO;152;INMUNOLOGIA/ELECTROFORESI;305029;;;
845285;IgE ESPECIFICA YEMA DE HUEVO;31;EXAMENES DE LABORATORIO;152;INMUNOLOGIA/ELECTROFORESI;305029;;;
845287;Ige ESPECIFICA NUEZ;31;EXAMENES DE LABORATORIO;152;INMUNOLOGIA/ELECTROFORESI;305029;;;
845288;Ige ESPECIFICA MERLUZA;31;EXAMENES DE LABORATORIO;152;INMUNOLOGIA/ELECTROFORESI;305029;;;
845289;Ige ESPECIFICA SALMON;31;EXAMENES DE LABORATORIO;152;INMUNOLOGIA/ELECTROFORESI;305029;;;
845290;Ige ESPECIFICA ALMEJA;31;EXAMENES DE LABORATORIO;152;INMUNOLOGIA/ELECTROFORESI;305029;;;
845291;Ige ESPECIFICA AMOXICILINA;31;EXAMENES DE LABORATORIO;152;INMUNOLOGIA/ELECTROFORESI;305029;;;
845292;INMUNOGLOBULINA IGA CUANTIFICACION;31;EXAMENES DE LABORATORIO;152;INMUNOLOGIA/ELECTROFORESI;305027;;;
845293;Ige ESPECIFICA AMPICILINA;31;EXAMENES DE LABORATORIO;152;INMUNOLOGIA/ELECTROFORESI;305029;;;
845294;Ige ESPECIFICA PALTA;31;EXAMENES DE LABORATORIO;152;INMUNOLOGIA/ELECTROFORESI;305029;;;
845295;Ige específica Lenguado;31;EXAMENES DE LABORATORIO;152;INMUNOLOGIA/ELECTROFORESI;305029;;;
845296;Ige ESPECIFICA CHORITO;31;EXAMENES DE LABORATORIO;152;INMUNOLOGIA/ELECTROFORESI;305029;;;
845297;Ige ESPECIFICA BETA LACTOGLOBULINA;31;EXAMENES DE LABORATORIO;152;INMUNOLOGIA/ELECTROFORESI;305029;;;
845298;IGE ESPECÍFICA ALFA LACTOALBUMINA;31;EXAMENES DE LABORATORIO;152;INMUNOLOGIA/ELECTROFORESI;305029;;;
845299;Ige ESPECIFICA CASEINA;31;EXAMENES DE LABORATORIO;152;INMUNOLOGIA/ELECTROFORESI;305029;;;
845319;INMUNOGLOBULINA IGA SECRETORA;31;EXAMENES DE LABORATORIO;152;INMUNOLOGIA/ELECTROFORESI;305026;;;
845346;INMUNOGLOBULINA IgE TOTAL;31;EXAMENES DE LABORATORIO;152;INMUNOLOGIA/ELECTROFORESI;305028;;;
845348;INMUNOGLOBULINA IgE ESPECIFICA INDI;31;EXAMENES DE LABORATORIO;152;INMUNOLOGIA/ELECTROFORESI;305029;;;
845373;INMUNOGLOBULINA IGG, CUANTIFICACION OTROS;31;EXAMENES DE LABORATORIO;152;INMUNOLOGIA/ELECTROFORESI;305027;;;
845400;INMUNOGLOBULINA IGG CUANTIFICACION;31;EXAMENES DE LABORATORIO;152;INMUNOLOGIA/ELECTROFORESI;305027;;;
845401;INMONUGLOBULINA IgG SUBCLASES;31;EXAMENES DE LABORATORIO;152;INMUNOLOGIA/ELECTROFORESI;0;;;
845454;INMUNOGLOBULINA IGM, CUANTIFICACION;31;EXAMENES DE LABORATORIO;152;INMUNOLOGIA/ELECTROFORESI;305027;;;
845459;INMUNOGLOBULINAS,CAD.LIV.CUANTIFICA;31;EXAMENES DE LABORATORIO;152;INMUNOLOGIA/ELECTROFORESI;0;;;
845867;LIQ.AMNIOTICO:LECITINA/ESFINGOMIELI;31;EXAMENES DE LABORATORIO;152;INMUNOLOGIA/ELECTROFORESI;308036;;;
845997;MARCADORES INMUNOLOGICOS CELULARES;31;EXAMENES DE LABORATORIO;152;INMUNOLOGIA/ELECTROFORESI;305046;;;
846002;MARCADORES CELULARES CD2;31;EXAMENES DE LABORATORIO;152;INMUNOLOGIA/ELECTROFORESI;305046;;;
846004;MARCADORES CELULARES CD3 (LINF.T TO;31;EXAMENES DE LABORATORIO;152;INMUNOLOGIA/ELECTROFORESI;305046;;;
846006;MARCADORES CELULARES CD4 (LINF.T HE;31;EXAMENES DE LABORATORIO;152;INMUNOLOGIA/ELECTROFORESI;305045;;;
846008;MARCADORES CELULARES CD5;31;EXAMENES DE LABORATORIO;152;INMUNOLOGIA/ELECTROFORESI;305046;;;
846010;MARCADORES CELULARES CD 7;31;EXAMENES DE LABORATORIO;152;INMUNOLOGIA/ELECTROFORESI;305046;;;
846014;MARCADORES CELULARES CD8(LINF.T CIT;31;EXAMENES DE LABORATORIO;152;INMUNOLOGIA/ELECTROFORESI;305045;;;
846018;MARCADORES CELULARES CD10 (CALLA);31;EXAMENES DE LABORATORIO;152;INMUNOLOGIA/ELECTROFORESI;305046;;;
846021;MARCADORES CELULARES CD11b;31;EXAMENES DE LABORATORIO;152;INMUNOLOGIA/ELECTROFORESI;305046;;;
846022;MARCADORES CELULARES CD11c;31;EXAMENES DE LABORATORIO;152;INMUNOLOGIA/ELECTROFORESI;305046;;;
846024;MARCADORES CELULARES CD 13;31;EXAMENES DE LABORATORIO;152;INMUNOLOGIA/ELECTROFORESI;305046;;;
846026;MARCADORES CELULARES CD15;31;EXAMENES DE LABORATORIO;152;INMUNOLOGIA/ELECTROFORESI;305046;;;
846027;MARCADORES CELULARES CD 16/56 NK;31;EXAMENES DE LABORATORIO;152;INMUNOLOGIA/ELECTROFORESI;305046;;;
846028;MARCADORES CELULARES CD16;31;EXAMENES DE LABORATORIO;152;INMUNOLOGIA/ELECTROFORESI;305046;;;
846030;MARCADORES CELULARES CD19(B4)(LINF.;31;EXAMENES DE LABORATORIO;152;INMUNOLOGIA/ELECTROFORESI;305046;;;
846031;MARCADORES CELULARES CD30;31;EXAMENES DE LABORATORIO;152;INMUNOLOGIA/ELECTROFORESI;305046;;;
846032;MARCADORES CELULARES CD20 (B1);31;EXAMENES DE LABORATORIO;152;INMUNOLOGIA/ELECTROFORESI;305046;;;
846034;MARCADORES CELULARES CD22;31;EXAMENES DE LABORATORIO;152;INMUNOLOGIA/ELECTROFORESI;305046;;;
846035;MARCADORES CELULARES CD23;31;EXAMENES DE LABORATORIO;152;INMUNOLOGIA/ELECTROFORESI;305046;;;
846037;MARCADORES CELULARES CD25 (IL/2R);31;EXAMENES DE LABORATORIO;152;INMUNOLOGIA/ELECTROFORESI;305046;;;
846045;MARCADORES CELULARES CD33 (MY9);31;EXAMENES DE LABORATORIO;152;INMUNOLOGIA/ELECTROFORESI;305046;;;
846047;MARCADORES CELULARES CD34;31;EXAMENES DE LABORATORIO;152;INMUNOLOGIA/ELECTROFORESI;305046;;;
846051;MARCADORES CELULARES CD38;31;EXAMENES DE LABORATORIO;152;INMUNOLOGIA/ELECTROFORESI;305046;;;
846055;MARCADORES CELULARES CD 45;31;EXAMENES DE LABORATORIO;152;INMUNOLOGIA/ELECTROFORESI;305046;;;
846056;MARCADORES CELULARES CD56;31;EXAMENES DE LABORATORIO;152;INMUNOLOGIA/ELECTROFORESI;305046;;;
846064;MARCADORES CELULARES TdT;31;EXAMENES DE LABORATORIO;152;INMUNOLOGIA/ELECTROFORESI;305046;;;
846068;MARCADORES CELULARES CAD. LIV.KAPPA;31;EXAMENES DE LABORATORIO;152;INMUNOLOGIA/ELECTROFORESI;305046;;;
846069;MARCADORES CELULARES CAD. LIV. LAMB;31;EXAMENES DE LABORATORIO;152;INMUNOLOGIA/ELECTROFORESI;305046;;;
846070;MARCADOR CELULAR : MIELOPEROXIDASA;31;EXAMENES DE LABORATORIO;152;INMUNOLOGIA/ELECTROFORESI;305046;;;
846079;MARCADORES CELULARES CD79a;31;EXAMENES DE LABORATORIO;152;INMUNOLOGIA/ELECTROFORESI;305046;;;
846080;MARCADORES CELULARES CD103;31;EXAMENES DE LABORATORIO;152;INMUNOLOGIA/ELECTROFORESI;305046;;;
846081;MARCADORES CELULARES CD117;31;EXAMENES DE LABORATORIO;152;INMUNOLOGIA/ELECTROFORESI;305046;;;
846084;MARCADORES CELULARES HLA-dr;31;EXAMENES DE LABORATORIO;152;INMUNOLOGIA/ELECTROFORESI;305046;;;
846675;PEPTIDO CITRULINADO CICLICO,ac anti;31;EXAMENES DE LABORATORIO;152;INMUNOLOGIA/ELECTROFORESI;0;;;
846885;INTRADERMO REACCION PPD ( 2U);31;EXAMENES DE LABORATORIO;152;INMUNOLOGIA/ELECTROFORESI;305041;;;
846893;PREALBUMINA;31;EXAMENES DE LABORATORIO;152;INMUNOLOGIA/ELECTROFORESI;0;;;
846899;PRECURSORES HEMATOPOYETICOS CD 34;31;EXAMENES DE LABORATORIO;152;INMUNOLOGIA/ELECTROFORESI;0;;;
847020;PROTEINA DE BENCE JONES;31;EXAMENES DE LABORATORIO;152;INMUNOLOGIA/ELECTROFORESI;309029;;;
847074;PROTEINAS ELECTROFORESIS,OTROS;31;EXAMENES DE LABORATORIO;152;INMUNOLOGIA/ELECTROFORESI;302061;;;
847101;PROTEINAS ELECTROFORESIS SUERO;31;EXAMENES DE LABORATORIO;152;INMUNOLOGIA/ELECTROFORESI;302061;;;
847290;RELACION CD4/CD8;31;EXAMENES DE LABORATORIO;152;INMUNOLOGIA/ELECTROFORESI;305045;;;
848289;TRANSFERRINA;31;EXAMENES DE LABORATORIO;152;INMUNOLOGIA/ELECTROFORESI;301082;;;
849011;Ac ANTI Ag NUCLEAR EXTRACT. COMPLET;31;EXAMENES DE LABORATORIO;152;INMUNOLOGIA/ELECTROFORESI;305004;;;
849022;Ac ANTITIROIDES COMPLETO: AAT2;31;EXAMENES DE LABORATORIO;152;INMUNOLOGIA/ELECTROFORESI;305007;;;
849121;CK-TOTAL + ISOENZIMAS;31;EXAMENES DE LABORATORIO;152;INMUNOLOGIA/ELECTROFORESI;0;;;
849176;ESPERMIOGRAMA + LDH C4 ESPERMATICA;31;EXAMENES DE LABORATORIO;152;INMUNOLOGIA/ELECTROFORESI;0;;;
849242;INMUNOGLOBULINAS G+A+M SUERO;31;EXAMENES DE LABORATORIO;152;INMUNOLOGIA/ELECTROFORESI;0;;;
849341;PERFIL DE AUTOINMUNIDAD;31;EXAMENES DE LABORATORIO;152;INMUNOLOGIA/ELECTROFORESI;305019;;;
849374;PERFIL INMUNOLOGICO;31;EXAMENES DE LABORATORIO;152;INMUNOLOGIA/ELECTROFORESI;0;;;
849418;POBLACIONES LINFOCITARIAS (CD:3,4,8;31;EXAMENES DE LABORATORIO;152;INMUNOLOGIA/ELECTROFORESI;305046;;;
850355;ACAROTEST;31;EXAMENES DE LABORATORIO;153;MICROBIOLOGIA;306056;;;
850588;ADENOVIRUS, CULTIVO SHELL VIAL;31;EXAMENES DE LABORATORIO;153;MICROBIOLOGIA;0;;;
850589;ADENOVIRUS, DIRECTO;31;EXAMENES DE LABORATORIO;153;MICROBIOLOGIA;306070;;;
851035;ASPERGILLUS SPP. Ac TOTALES;31;EXAMENES DE LABORATORIO;153;MICROBIOLOGIA;306032;;;
851037;ASPERGILLUS FUMIGATUS, Ac.TOTALES;31;EXAMENES DE LABORATORIO;153;MICROBIOLOGIA;306032;;;
851040;ASPERGILLUS ANTIG. GALACTOMANNAN;31;EXAMENES DE LABORATORIO;153;MICROBIOLOGIA;306032;;;
851134;BACILOSCOPIA ZIEHL NEELSEN, C/U;31;EXAMENES DE LABORATORIO;153;MICROBIOLOGIA;306002;;;
851161;BACILOSCOPIA ORINA CONCENTRACION (I;31;EXAMENES DE LABORATORIO;153;MICROBIOLOGIA;306001;;;
851269;BETA LACTAMASA PRUEBA;31;EXAMENES DE LABORATORIO;153;MICROBIOLOGIA;0;;;
851368;BORDETELLA PERTUSSIS AMPLIFICACION;31;EXAMENES DE LABORATORIO;202;BIOLOGÍA MOLECULAR;0;;;
851371;BORDETELLA PERTUSSIS (IFD);31;EXAMENES DE LABORATORIO;153;MICROBIOLOGIA;0;;;
851390;Borrelia burgdorferi amplificación;31;EXAMENES DE LABORATORIO;202;BIOLOGÍA MOLECULAR;0;;;
851404;BRUCELLA CULTIVO;31;EXAMENES DE LABORATORIO;153;MICROBIOLOGIA;0;;;
851406;PROSTATA PCA3 (PCR) ;31;EXAMENES DE LABORATORIO;202;BIOLOGÍA MOLECULAR;0;;;
851408;VIRUS RESPIRATORIO, PANEL MOLECULAR ;31;EXAMENES DE LABORATORIO;202;BIOLOGÍA MOLECULAR;0;;;
851512; CULTIVO CAMPYLOBACTER FETUS;31;EXAMENES DE LABORATORIO;153;MICROBIOLOGIA;306014;;;
851539;CAMPYLOBACTER FETUS TINCION;31;EXAMENES DE LABORATORIO;153;MICROBIOLOGIA;0;;;
851777;CHLAMIDIA PNEUMONIAE AMPLIFICACION;31;EXAMENES DE LABORATORIO;202;BIOLOGÍA MOLECULAR;0;;;
851782;CHLAMYDIA TRACHOMATIS DIRECTO;31;EXAMENES DE LABORATORIO;202;BIOLOGÍA MOLECULAR;0;;;
851783;NEISSERIA GONORRHOEAE AMPLIFICACION POR PCR;31;EXAMENES DE LABORATORIO;202;BIOLOGÍA MOLECULAR;0;;;
851784;NEISSERIA GONORRHOEAE CHLAMYDIA TRACHOMATIS AMPLIFICACION POR PCR;31;EXAMENES DE LABORATORIO;202;BIOLOGÍA MOLECULAR;0;;;
851885;ADENOVIRUS AMPLIFICACION DNA;31;EXAMENES DE LABORATORIO;202;BIOLOGÍA MOLECULAR;0;;;
851886;CITOMEGALOVIRUS AMPLIFICACION DNA P;31;EXAMENES DE LABORATORIO;202;BIOLOGÍA MOLECULAR;0;;;
852005;CITOMEGALOVIRUS Ag (ANTIGENEMIA)(IN;31;EXAMENES DE LABORATORIO;153;MICROBIOLOGIA;306070;;;
852025;CULTIVO CLOSTRIDIUM DIFFICILE ;31;EXAMENES DE LABORATORIO;153;MICROBIOLOGIA;306012;;;
852027;CLOSTRIDIUM DIFFICILE ANTIGENO;31;EXAMENES DE LABORATORIO;153;MICROBIOLOGIA;0;;;
852029;CLOSTRIDIUM DIFFICILE TOXINA A;31;EXAMENES DE LABORATORIO;153;MICROBIOLOGIA;0;;;
852155;COCCIDIOIDES IMMITIS, ANTICUERPOS;31;EXAMENES DE LABORATORIO;153;MICROBIOLOGIA;306032;;;
852421;CONCENTRACION INHIBITORIA MINIMA (C;31;EXAMENES DE LABORATORIO;153;MICROBIOLOGIA;0;;;
852511;COPROCULTIVO, C/U;31;EXAMENES DE LABORATORIO;153;MICROBIOLOGIA;306007;;;
852515;COPROCULTIVO V.CHOLERAE;31;EXAMENES DE LABORATORIO;153;MICROBIOLOGIA;306014;;;
852700;CRYPTOCOCCUS NEOFORMANS TEST T. CHI;31;EXAMENES DE LABORATORIO;153;MICROBIOLOGIA;306004;;;
852754;CRYPTOCOCCUS NEOFORMANS Ag TITULACI;31;EXAMENES DE LABORATORIO;153;MICROBIOLOGIA;306032;;;
852780;CRYPTOSPORIDIUM,DIRECTO;31;EXAMENES DE LABORATORIO;153;MICROBIOLOGIA;0;;;
852781;CRYPTOSPORIDIUM TINCION;31;EXAMENES DE LABORATORIO;153;MICROBIOLOGIA;0;;;
852808;CULTIVO ANAEROBICO;31;EXAMENES DE LABORATORIO;153;MICROBIOLOGIA;306012;;;
852835;CULTIVO CORRIENTE,C/U;31;EXAMENES DE LABORATORIO;153;MICROBIOLOGIA;306008;;;
852876;ORINA: DENSIDAD;31;EXAMENES DE LABORATORIO;153;MICROBIOLOGIA;309023;;;
853060;DNA total, extracción;31;EXAMENES DE LABORATORIO;202;BIOLOGÍA MOLECULAR;0;;;
853105;E.COLI ENTEROPATOGENA SEROTIPIFICAC;31;EXAMENES DE LABORATORIO;153;MICROBIOLOGIA;0;;;
853107;E.COLI O:157(CULTIVO)+DIRECTO(ELISA;31;EXAMENES DE LABORATORIO;153;MICROBIOLOGIA;0;;;
853182;ENTEROVIRUS AMPLIFICACION RNA RT/PC;31;EXAMENES DE LABORATORIO;202;BIOLOGÍA MOLECULAR;0;;;
853194;EPSTEIN-BARR VIRUS (EBV) AMPLIFICAC;31;EXAMENES DE LABORATORIO;202;BIOLOGÍA MOLECULAR;0;;;
853753;GARDNERELLA VAGINALIS CULTIVO;31;EXAMENES DE LABORATORIO;153;MICROBIOLOGIA;0;;;
853969;GRAHAM TEST DE ;31;EXAMENES DE LABORATORIO;153;MICROBIOLOGIA;306051;;;
853996;TINCIÓN DE GRAM (LABORATORIO);31;EXAMENES DE LABORATORIO;153;MICROBIOLOGIA;306005;;;
854077;HAEMOPHILUS INFLUENZAE TIPO b, Ag S;31;EXAMENES DE LABORATORIO;153;MICROBIOLOGIA;0;;;
854115;HANTAVIRUS, AMPLIFICACION RNA;31;EXAMENES DE LABORATORIO;202;BIOLOGÍA MOLECULAR;0;;;
854120;HANTA VIRUS A c I g M SCREENINNG;31;EXAMENES DE LABORATORIO;153;MICROBIOLOGIA;0;;;
854167;CULTIVOHELICOBACTER PYLORI ;31;EXAMENES DE LABORATORIO;153;MICROBIOLOGIA;306014;;;
854168;HELICOBACTER PYLORI,DIRECTO;31;EXAMENES DE LABORATORIO;153;MICROBIOLOGIA;0;;;
854239;HEMOCULTIVO AEROBIO, C/U;31;EXAMENES DE LABORATORIO;153;MICROBIOLOGIA;306009;;;
854293;HEMOCULTIVO ANAEROBIO, C/U;31;EXAMENES DE LABORATORIO;153;MICROBIOLOGIA;306010;;;
854295;HEMOCULTIVO CUANTITATIVO(RCTO.EN PL;31;EXAMENES DE LABORATORIO;153;MICROBIOLOGIA;306009;;;
854325;HEMOCULTIVO MICOBACTERIAS;31;EXAMENES DE LABORATORIO;153;MICROBIOLOGIA;306018;;;
854781;HEPATITIS C AMPLIFICACION RNA PCR;31;EXAMENES DE LABORATORIO;202;BIOLOGÍA MOLECULAR;0;;;
854785;HEPATITIS C GENOTIPIFICACION;31;EXAMENES DE LABORATORIO;153;MICROBIOLOGIA;0;;;
854799;HERPES SIMPLEX AMPLIFICACION DNA PC;31;EXAMENES DE LABORATORIO;202;BIOLOGÍA MOLECULAR;0;;;
854800;HERPES HUMANO 6 (HHV6) AMPLIFICACIO;31;EXAMENES DE LABORATORIO;202;BIOLOGÍA MOLECULAR;0;;;
854802;Epstein Barr Carga Viral por PCR;31;EXAMENES DE LABORATORIO;149;BIOQUIMICA;0;;;
854803;Epstein Barr Carga Viral por PCR;31;EXAMENES DE LABORATORIO;149;BIOQUIMICA;0;;;
854804;Micoplasma Amplificacion por PCR;31;EXAMENES DE LABORATORIO;149;BIOQUIMICA;0;;;
854805;Parvovirus Amplificacion por PCR;31;EXAMENES DE LABORATORIO;149;BIOQUIMICA;0;;;
854810;INFLUENZA AH1 N1 PCR;31;EXAMENES DE LABORATORIO;153;MICROBIOLOGIA;305182;;;
854833;HERPES SIMPLEX 1 DIRECTO;31;EXAMENES DE LABORATORIO;153;MICROBIOLOGIA;306070;;;
854887;HERPES SIMPLEX 2 DIRECTO;31;EXAMENES DE LABORATORIO;153;MICROBIOLOGIA;306070;;;
854960;HISTOPLASMA CAPSULATUM,ANTICUERP;31;EXAMENES DE LABORATORIO;153;MICROBIOLOGIA;306032;;;
855076;HONGOS DIRECTO (KOH, LACTOFENOL);31;EXAMENES DE LABORATORIO;153;MICROBIOLOGIA;306004;;;
855103;HONGOS Y LEVADURAS CULTIVO;31;EXAMENES DE LABORATORIO;153;MICROBIOLOGIA;306017;;;
855104;CULTIVO PARA LEVADURAS;31;EXAMENES DE LABORATORIO;153;MICROBIOLOGIA;306017;;;
855481;CULTIVO BACILO DE KOCH ;31;EXAMENES DE LABORATORIO;153;MICROBIOLOGIA;306018;;;
855525;LEGIONELLA PNEUMOPHILA AMPLIFICACIO;31;EXAMENES DE LABORATORIO;202;BIOLOGÍA MOLECULAR;0;;;
855530;LEGIONELLA PNEUMOPHILA SEROGRUPO 1;31;EXAMENES DE LABORATORIO;153;MICROBIOLOGIA;0;;;
855589;LEUCOCITOS FECALES;31;EXAMENES DE LABORATORIO;153;MICROBIOLOGIA;308005;;;
855967;LOEFFLER TINCION;31;EXAMENES DE LABORATORIO;153;MICROBIOLOGIA;0;;;
855998;M.TUBERCULOSIS c AMPLIFICACION DNA;31;EXAMENES DE LABORATORIO;153;MICROBIOLOGIA;0;;;
855999;M.TUBERCULOSIS DIRECTO (MTD)(AMPLIF;31;EXAMENES DE LABORATORIO;153;MICROBIOLOGIA;0;;;
856012;MALARIA:P.falciparum/P.vivax ANTIGE;31;EXAMENES DE LABORATORIO;153;MICROBIOLOGIA;306061;;;
856134;ELISPOT TUBERCULOSIS;31;EXAMENES DE LABORATORIO;153;MICROBIOLOGIA;0;;;
856139;METAPNEUMOVIRUS, AMPLIFICACIËN RNA;31;EXAMENES DE LABORATORIO;202;BIOLOGÍA MOLECULAR;0;;;
856140;METAPNEUMOVIRUS, DIRECTO ( IFD);31;EXAMENES DE LABORATORIO;153;MICROBIOLOGIA;306070;;;
856156;MICROSCOPICO DIRECTO AL FRESCO;31;EXAMENES DE LABORATORIO;153;MICROBIOLOGIA;308011;;;
856183;MIELOCULTIVO (SIN PUNCION);31;EXAMENES DE LABORATORIO;153;MICROBIOLOGIA;306009;;;
856264;NEISSERIA GONORRHOEAE (GONOCOCO);31;EXAMENES DE LABORATORIO;153;MICROBIOLOGIA;306016;;;
856291;NEISSERIA MENINGITIDIS A,C,Y,W135,A;31;EXAMENES DE LABORATORIO;153;MICROBIOLOGIA;0;;;
856318;NEISSERIA MENINGITIDIS B-E.COLI K1,;31;EXAMENES DE LABORATORIO;153;MICROBIOLOGIA;0;;;
856399;ORINA COMPLETA;31;EXAMENES DE LABORATORIO;153;MICROBIOLOGIA;309022;;;
856561;PARASITOLOGICO 1 MUESTRA;31;EXAMENES DE LABORATORIO;153;MICROBIOLOGIA;0;;;
856588;PARASITOLOGICO PAF 1 MUESTRA;31;EXAMENES DE LABORATORIO;153;MICROBIOLOGIA;0;;;
856615;PARASITOLOGICO PAF SERIADO (3);31;EXAMENES DE LABORATORIO;153;MICROBIOLOGIA;306059;;;
856664;PARVOVIRUS B19 Ac IgG E IgM;31;EXAMENES DE LABORATORIO;153;MICROBIOLOGIA;306069;;;
856755;Pneumocystis carinii amplificación;31;EXAMENES DE LABORATORIO;202;BIOLOGÍA MOLECULAR;0;;;
856757;PNEUMOCYSTIS CARINII FLUORESCENCIA;31;EXAMENES DE LABORATORIO;153;MICROBIOLOGIA;0;;;
857231;QUIMERISMO CUALITATIVO:MICROSATELIT;31;EXAMENES DE LABORATORIO;153;MICROBIOLOGIA;0;;;
857263;RECUENTO DE COLONIAS;31;EXAMENES DE LABORATORIO;153;MICROBIOLOGIA;0;;;
857398;ROTAVIRUS DETECCION;31;EXAMENES DE LABORATORIO;153;MICROBIOLOGIA;306070;;;
857415;RNA TOTAL, EXTRACCION;31;EXAMENES DE LABORATORIO;202;BIOLOGÍA MOLECULAR;0;;;
857587;SALMONELLA SP SEROGRUPOS A,B,C,D,E;31;EXAMENES DE LABORATORIO;153;MICROBIOLOGIA;0;;;
857695;ORINA, SEDIMENTO (PROC. AUT.);31;EXAMENES DE LABORATORIO;153;MICROBIOLOGIA;309024;;;
857722;SHIGELLA SP SEROGRUPOS A 1-7,B 1-6,;31;EXAMENES DE LABORATORIO;153;MICROBIOLOGIA;0;;;
857787;STAPHYLOCOCCUS AUREUS RESITENCIA me;31;EXAMENES DE LABORATORIO;153;MICROBIOLOGIA;0;;;
857802;CULTIVO PORTACION VRE;31;EXAMENES DE LABORATORIO;153;MICROBIOLOGIA;0;;;
857803;STREPTOCOCCUS BETA H GRUPO B Ag SOL;31;EXAMENES DE LABORATORIO;153;MICROBIOLOGIA;0;;;
857811;STREPTOCOCCUS GRUPO A (EIA);31;EXAMENES DE LABORATORIO;153;MICROBIOLOGIA;306090;;;
857857;STREPTOCOCCUS PNEUMONIAE Ag SOLUBLE;31;EXAMENES DE LABORATORIO;153;MICROBIOLOGIA;0;;;
857858;CULTIVO PORTACION SAMR;31;EXAMENES DE LABORATORIO;153;MICROBIOLOGIA;0;;;
857859;STREPTOCOCCUS PNEUMONIAE ANTIGENO U;31;EXAMENES DE LABORATORIO;153;MICROBIOLOGIA;0;;;
857901;VIRUS INFLUENZA A y B INMUNOFLUORECENCIA ;31;EXAMENES DE LABORATORIO;153;MICROBIOLOGIA;0;;;
858457;UROCULTIVO;31;EXAMENES DE LABORATORIO;153;MICROBIOLOGIA;306011;;;
858458;U. UREALYTICUM/M. HOMINIS SCREENING;31;EXAMENES DE LABORATORIO;153;MICROBIOLOGIA;306023;;;
858460;VARICELLA-ZOSTER AMPLIFICACION DNA-;31;EXAMENES DE LABORATORIO;202;BIOLOGÍA MOLECULAR;0;;;
858461;PCR PANEL RESPIRATORIO ;31;EXAMENES DE LABORATORIO;153;MICROBIOLOGIA;0;;;
858464;VARICELLA ZOSTER, DIRECTO;31;EXAMENES DE LABORATORIO;153;MICROBIOLOGIA;306070;;;
858493;VIRUS INFLUENZA A,B, DIRECTO;31;EXAMENES DE LABORATORIO;153;MICROBIOLOGIA;306070;;;
858494;VIRUS INMUNODEF.HUMANA HIV,CARGA VI;31;EXAMENES DE LABORATORIO;153;MICROBIOLOGIA;0;;;
858497;VIRUS PARAINFLUENZA 1,2,3, DIRECTO;31;EXAMENES DE LABORATORIO;153;MICROBIOLOGIA;306070;;;
858499;VIRUS SINCICIAL RESPIRATORIO, DIREC;31;EXAMENES DE LABORATORIO;153;MICROBIOLOGIA;306070;;;
858500;VIRUS RESPIRATORIOS, PANEL;31;EXAMENES DE LABORATORIO;153;MICROBIOLOGIA;306070;;;
858528;HANTAVIRUS TEST RAPIDO;31;EXAMENES DE LABORATORIO;153;MICROBIOLOGIA;0;;;
858532; CULTIVO YERSINIA ENTEROCOLITICA;31;EXAMENES DE LABORATORIO;153;MICROBIOLOGIA;306014;;;
859055;ANTIGENOS SOLUBLES BACTERIANOS LATE;31;EXAMENES DE LABORATORIO;153;MICROBIOLOGIA;0;;;
859198;FLUJO VAGINAL, BACTERIOLOGICO COMPL;31;EXAMENES DE LABORATORIO;153;MICROBIOLOGIA;308044;;;
859233;HONGOS, PANEL SEROLOGICO;31;EXAMENES DE LABORATORIO;153;MICROBIOLOGIA;306032;;;
859247;LIQUIDO CEFALORRAQUIDEO CITOQUIMICO;31;EXAMENES DE LABORATORIO;153;MICROBIOLOGIA;308014;;;
860595;AGLUTINACIONES: WIDAL.;31;EXAMENES DE LABORATORIO;154;SEROLOGIA;306039;;;
860597;AGLUTINACION:HUDDLESON (BRUCELOSIS);31;EXAMENES DE LABORATORIO;154;SEROLOGIA;306033;;;
860918;ANTIESTREPTOLISINA O;31;EXAMENES DE LABORATORIO;154;SEROLOGIA;305008;;;
861171;BARTONELLA HENSELAE ANTICUERPOS IgG ;31;EXAMENES DE LABORATORIO;154;SEROLOGIA;0;;;
861172;BARTONELLA Ac IgM (QUINTANA,HENSELA;31;EXAMENES DE LABORATORIO;154;SEROLOGIA;0;;;
861391;BORRELIA BURGDORFERI (LYME) Ac IgG;31;EXAMENES DE LABORATORIO;154;SEROLOGIA;0;;;
861400;BRUCELLA Ac IgM;31;EXAMENES DE LABORATORIO;154;SEROLOGIA;0;;;
861401;BRUCELLA Ac,IgG;31;EXAMENES DE LABORATORIO;154;SEROLOGIA;0;;;
861752;CHLAMYDIA Ac IgG (TRACHO.PNEUMONI.P;31;EXAMENES DE LABORATORIO;154;SEROLOGIA;306034;;;
861753;CHLAMYDIA Ac IgM (TRACHO.PNEUMONI P;31;EXAMENES DE LABORATORIO;154;SEROLOGIA;306034;;;
861834;CISTICERCOSIS Ac IgG;31;EXAMENES DE LABORATORIO;154;SEROLOGIA;306061;;;
861836;CISTICERCOSIS INTRADERMO;31;EXAMENES DE LABORATORIO;154;SEROLOGIA;306067;;;
861890;CITOMEGALOVIRUS Ac IgG;31;EXAMENES DE LABORATORIO;154;SEROLOGIA;306069;;;
862003;CITOMEGALOVIRUS Ac IgM;31;EXAMENES DE LABORATORIO;154;SEROLOGIA;306069;;;
862886;DENGUE VIRUS Ac IgG;31;EXAMENES DE LABORATORIO;154;SEROLOGIA;306069;;;
862887;DENGUE VIRUS Ac IgM;31;EXAMENES DE LABORATORIO;154;SEROLOGIA;306069;;;
863051;DISTOMATOSIS INTRADERMO;31;EXAMENES DE LABORATORIO;154;SEROLOGIA;306067;;;
863191;EPSTEIN-BARR (VCA) Ac IgG;31;EXAMENES DE LABORATORIO;154;SEROLOGIA;306069;;;
863192;EPSTEIN-BARR (VCA) Ac IgM;31;EXAMENES DE LABORATORIO;154;SEROLOGIA;306069;;;
864165;HELICOBACTER PYLORI Ac IgG;31;EXAMENES DE LABORATORIO;154;SEROLOGIA;0;;;
864698;HEPATITIS A Ac IgM;31;EXAMENES DE LABORATORIO;154;SEROLOGIA;306074;;;
864699;VIRUS HEPATITIS A, ANTICORE;31;EXAMENES DE LABORATORIO;154;SEROLOGIA;306073;;;
864719;HEPATITIS B Ac ANTI HBSAg;31;EXAMENES DE LABORATORIO;154;SEROLOGIA;306077;;;
864725;HEPATITIS B Ac ANTICORE TOTAL;31;EXAMENES DE LABORATORIO;154;SEROLOGIA;306076;;;
864752;HEPATITIS B Ac IgM ANTICORE;31;EXAMENES DE LABORATORIO;154;SEROLOGIA;306080;;;
864772;HEPATITIS B Ag e;31;EXAMENES DE LABORATORIO;154;SEROLOGIA;306078;;;
864775;HEPATITIS B Ac ANTI e;31;EXAMENES DE LABORATORIO;154;SEROLOGIA;306075;;;
864779;HEPATITIS B: ANTIGENO SUPERF. HBSag;31;EXAMENES DE LABORATORIO;154;SEROLOGIA;306077;;;
864783;HEPATITIS C Ac TOTAL;31;EXAMENES DE LABORATORIO;154;SEROLOGIA;306081;;;
864806;HERPES SEMPLEX 1 Ac IgG;31;EXAMENES DE LABORATORIO;154;SEROLOGIA;306069;;;
864807;HERPES SIMPLEX 1 Ac IgM;31;EXAMENES DE LABORATORIO;154;SEROLOGIA;306069;;;
864860;HERPES SIMPLEX 2 Ac IgG;31;EXAMENES DE LABORATORIO;154;SEROLOGIA;306069;;;
864861;HERPES SIMPLEX 2 Ac IgM;31;EXAMENES DE LABORATORIO;154;SEROLOGIA;306069;;;
864912;HIDATIDOSIS Ac IgG;31;EXAMENES DE LABORATORIO;154;SEROLOGIA;306061;;;
864914;HIDATIDOSIS: INTRADERMO CASONI;31;EXAMENES DE LABORATORIO;154;SEROLOGIA;306067;;;
866248;MYCOPLASMA PNEUMONIAE AC IGG;31;EXAMENES DE LABORATORIO;154;SEROLOGIA;306037;;;
866249;MYCOPLASMA PNEUMONIAE AC IGM;31;EXAMENES DE LABORATORIO;154;SEROLOGIA;306037;;;
866652;PAROTIDITIS Ac IgG;31;EXAMENES DE LABORATORIO;154;SEROLOGIA;306069;;;
866654;PAROTIDITIS Ac IgM;31;EXAMENES DE LABORATORIO;154;SEROLOGIA;306069;;;
867452;RUBEOLA Ac IgG;31;EXAMENES DE LABORATORIO;154;SEROLOGIA;306061;;;
867479;RUBEOLA Ac IgM;31;EXAMENES DE LABORATORIO;154;SEROLOGIA;306061;;;
867656;SARAMPION Ac IgG;31;EXAMENES DE LABORATORIO;154;SEROLOGIA;306069;;;
868141;TOXOCARA CANIS Ac IgG;31;EXAMENES DE LABORATORIO;154;SEROLOGIA;306061;;;
868154;TOXOPLASMOSIS Ac IgM;31;EXAMENES DE LABORATORIO;154;SEROLOGIA;306061;;;
868181;TOXOPLASMOSIS Ac IgG;31;EXAMENES DE LABORATORIO;154;SEROLOGIA;306061;;;
868368;TRIQUINOSIS Ac IgG;31;EXAMENES DE LABORATORIO;154;SEROLOGIA;306061;;;
868370;TRIQUINOSIS INTRADERMO: BACHMANN;31;EXAMENES DE LABORATORIO;154;SEROLOGIA;306067;;;
868461;VARICELLA ZOSTER Ac IgG;31;EXAMENES DE LABORATORIO;154;SEROLOGIA;306069;;;
868479;TREPONEMA PALLIDUM Ac Totales;31;EXAMENES DE LABORATORIO;153;MICROBIOLOGIA;0;;;
868480;R.P.R.;31;EXAMENES DE LABORATORIO;153;MICROBIOLOGIA;306038;;;
868529;YERSINIA,Ac (O:3,O:9,T.1);31;EXAMENES DE LABORATORIO;154;SEROLOGIA;0;;;
869231;HEPATITIS: MARCADORES VIRALES;31;EXAMENES DE LABORATORIO;154;SEROLOGIA;306081;;;
872430;CRIOPRESERVACION STEM-CELLS MO;31;EXAMENES DE LABORATORIO;155;AUTOTRASPLANTE MEDULA OSE;0;;;
872431;CRIOPRESERVACION STEM-CELLS SP;31;EXAMENES DE LABORATORIO;155;AUTOTRASPLANTE MEDULA OSE;0;;;
873520;FIBROBLASTOS EN VELLOSIDADES CORION;31;EXAMENES DE LABORATORIO;155;AUTOTRASPLANTE MEDULA OSE;0;;;
875803;LINFOCITOS EN SANGRE, CULTIVO;31;EXAMENES DE LABORATORIO;155;AUTOTRASPLANTE MEDULA OSE;0;;;
876000;MANTENCION DE MO EN BANCO (N2);31;EXAMENES DE LABORATORIO;155;AUTOTRASPLANTE MEDULA OSE;0;;;
876003;MANTENCION DE STEM CELLS SP (C/BOLS;31;EXAMENES DE LABORATORIO;155;AUTOTRASPLANTE MEDULA OSE;0;;;
876100;MEDULA OSEA, MEDIO PARA RECOLECCION;31;EXAMENES DE LABORATORIO;155;AUTOTRASPLANTE MEDULA OSE;0;;;
876905;PRECURSORES HEMATOPOYETICOS GM:CFU.;31;EXAMENES DE LABORATORIO;155;AUTOTRASPLANTE MEDULA OSE;0;;;
876980;PLASMOCITOS, PURIFICACION ;31;EXAMENES DE LABORATORIO;155;AUTOTRASPLANTE MEDULA OSE;0;;;
877231;QUIMERISMO CUALITATIVO:MICROSATELIT;31;EXAMENES DE LABORATORIO;155;AUTOTRASPLANTE MEDULA OSE;0;;;
877245;RECOLECCION DE MO: LABORATORIO(PAB);31;EXAMENES DE LABORATORIO;155;AUTOTRASPLANTE MEDULA OSE;0;;;
877270;REINFUSION DE STEM-CELLS MO;31;EXAMENES DE LABORATORIO;155;AUTOTRASPLANTE MEDULA OSE;0;;;
877271;REINFUSION STEM-CELLS SP(c/b);31;EXAMENES DE LABORATORIO;155;AUTOTRASPLANTE MEDULA OSE;0;;;
881594;CARIOHIBRIDACION:FISH:Cr13(q14)Rb1;31;EXAMENES DE LABORATORIO;156;CITOGENETICA;304002;;;
881595;CARIOHIBRIDADCION IN SITU:FISH:del(;31;EXAMENES DE LABORATORIO;156;CITOGENETICA;304002;;;
881596;CARIOHIBRIDACION IN SITU:FISH:S.SMI;31;EXAMENES DE LABORATORIO;156;CITOGENETICA;304002;;;
881597;CARIOHIBRIDACION IN SITU:FISH:S.MIL;31;EXAMENES DE LABORATORIO;156;CITOGENETICA;304002;;;
881598;CARIOHIBRIDACION IN SITU:FISH:S.PRA;31;EXAMENES DE LABORATORIO;156;CITOGENETICA;304002;;;
881599;CARIOHIBRIDACION IN SITU:FISH:S.WIL;31;EXAMENES DE LABORATORIO;156;CITOGENETICA;304002;;;
881600;CARIOHIBRIDACION IN SITU:FISH:Cr XY;31;EXAMENES DE LABORATORIO;156;CITOGENETICA;304002;;;
881601;CARIOHIBRIDACION IN SITU:FISH:S.DI;31;EXAMENES DE LABORATORIO;156;CITOGENETICA;304002;;;
881602;CARIOHIBRIDACION IN SITU:FISH:t(14,;31;EXAMENES DE LABORATORIO;156;CITOGENETICA;304002;;;
881603;CARIOHIBRIDACION IN SITU:FISH:t(11,;31;EXAMENES DE LABORATORIO;156;CITOGENETICA;304002;;;
881604;CARIOHIBRIDACION IN SITU:FISH:Cr12;31;EXAMENES DE LABORATORIO;156;CITOGENETICA;304002;;;
881605;CARIOHIBRIDACION IN SITU:FISH:t(15,;31;EXAMENES DE LABORATORIO;156;CITOGENETICA;304002;;;
881606;CARIOHIBRIDACION IN SITU:FISH:t(16,;31;EXAMENES DE LABORATORIO;156;CITOGENETICA;304002;;;
881607;CARIOHIBRIDACION IN SITU:FISH:t(8,2;31;EXAMENES DE LABORATORIO;156;CITOGENETICA;304002;;;
881608;CARIOHIBRIDACION IN SITU:FISH:t(q,2;31;EXAMENES DE LABORATORIO;156;CITOGENETICA;304002;;;
881609;CARIOHIBRIDACION IN SITU:FISH:Cr CE;31;EXAMENES DE LABORATORIO;156;CITOGENETICA;304002;;;
881610;CARIOHIBRIDACION IN SITU:FISH:Cr21(;31;EXAMENES DE LABORATORIO;156;CITOGENETICA;304002;;;
881611;CARIOHIBRIDACION IN SITU:FISH:t(8,1;31;EXAMENES DE LABORATORIO;156;CITOGENETICA;304002;;;
881612;CARIOHIBRIDACION IN SITU:FISH:tcl1p;31;EXAMENES DE LABORATORIO;156;CITOGENETICA;304002;;;
881613;MULTIPLE FISH;31;EXAMENES DE LABORATORIO;156;CITOGENETICA;304002;;;
881614;CARIHIBRIDACION IN SITU:FISH t(12,2;31;EXAMENES DE LABORATORIO;156;CITOGENETICA;304002;;;
881615;CARIOHIBRIDACION IN SITU:FISH LSI;31;EXAMENES DE LABORATORIO;156;CITOGENETICA;304002;;;
881616;CARIOHIBRIDACION IN SITU:FISH LSI 1;31;EXAMENES DE LABORATORIO;156;CITOGENETICA;304002;;;
881617;CARIHIBRIDACION IN SITU:FISH t(2,5);31;EXAMENES DE LABORATORIO;156;CITOGENETICA;304002;;;
881618;"CARIOHIBRID.IN SITU FISH t(4;14) igH / fgr3";31;EXAMENES DE LABORATORIO;156;CITOGENETICA;304002;;;
881620;FISH PARA 1p32/1q21;31;EXAMENES DE LABORATORIO;156;CITOGENETICA;304002;;;
881622;FISH PARA CROMOSOMA 5;31;EXAMENES DE LABORATORIO;156;CITOGENETICA;304003;;;
881627;CARIOGRAMA SANGRE CULT.LINF.BANDEO;31;EXAMENES DE LABORATORIO;156;CITOGENETICA;304001;;;
881628;CARIOGRAMA T.ESP.:ALTA RESOLUCION;31;EXAMENES DE LABORATORIO;156;CITOGENETICA;304002;;;
881629;CARIOGRAMA EN FIBROBLASTOS (PRENATA;31;EXAMENES DE LABORATORIO;156;CITOGENETICA;304003;;;
881633;CARIOGRAMA T.ESP:FRAGILIDAD CROMOSO;31;EXAMENES DE LABORATORIO;156;CITOGENETICA;304002;;;
881634;CARIOGRAMA T.ESP.DIAGNOSTICO HEMATO;31;EXAMENES DE LABORATORIO;156;CITOGENETICA;304002;;;
881635;CARIOGRAMA EN FIBROBLASTOS:RESTOS A;31;EXAMENES DE LABORATORIO;156;CITOGENETICA;304003;;;
882673;CROMATINA SEXUAL X;31;EXAMENES DE LABORATORIO;156;CITOGENETICA;304004;;;
882674;CROMATINA SEXUAL Y;31;EXAMENES DE LABORATORIO;156;CITOGENETICA;304004;;;
884890;CARIOHIBRIDACION IN SITU:FISH;31;EXAMENES DE LABORATORIO;156;CITOGENETICA;304002;;;
888291;TRANSLOCACION(9,22) Bcr/abl AMPLIFI;31;EXAMENES DE LABORATORIO;202;BIOLOGÍA MOLECULAR;0;;;
888293;TRANSLOCACION 15,17 (PML-RAR)AMPLIF;31;EXAMENES DE LABORATORIO;202;BIOLOGÍA MOLECULAR;0;;;
888295;TRANSLOCACION 14,18(bcl 2)AMPLIFICA;31;EXAMENES DE LABORATORIO;202;BIOLOGÍA MOLECULAR;0;;;
890165;Ac ANTI RECEPTOR TSH (TRAB);31;EXAMENES DE LABORATORIO;156;CITOGENETICA;0;;;
892100;CLONAZEPAN;31;EXAMENES DE LABORATORIO;148;TOMAS DE MUESTRA;0;;;
893195;*EPSTEIN-BAR,PCR CUANTIT.CARGA/VIRA;31;EXAMENES DE LABORATORIO;156;CITOGENETICA;0;;;
893196;ETO SUXIMIDA;31;EXAMENES DE LABORATORIO;148;TOMAS DE MUESTRA;0;;;
896101;LAMOTRIGINA;31;EXAMENES DE LABORATORIO;148;TOMAS DE MUESTRA;0;;;
897100;OXCARBAZEPINA (MDH);31;EXAMENES DE LABORATORIO;148;TOMAS DE MUESTRA;0;;;
897500;CLOBAZAM;31;EXAMENES DE LABORATORIO;148;TOMAS DE MUESTRA;0;;;
898131;TOXICOLOGICO, SCREENING;31;EXAMENES DE LABORATORIO;156;CITOGENETICA;0;;;
898491;VIRUS INMUNODEF. HUMANA, VIH, GENOT;31;EXAMENES DE LABORATORIO;156;CITOGENETICA;0;;;